,sample.ID,i5.index,i7.index,well.ID,plate.id,Fish.ID,tissue,Population,Habitat.temp,Aclclimation.Temp,Acclimation.Order,Cam.Temp,Sex,Date.CTMax,Date.WAM,Date.CaM,WAM.mass,CaM.mass,WAM.LogMass,WAM.standard.length,CaM.standard.length,CaM.heart.mass,WAM.MO2.mg.hr,Log10.WAM.mg.hr,CaM.MR.pmol.s.FA,CaM.MR.pmol.s.GLU,CaM.MR.pmol.s.LKA,CaM.MR.pmol.s.END,CTMax,Log.Log.WAM.Mass.residuals,FA.CamMass.Residuals,GLU.CamMass.Residuals,LKA..CamMass.Residuals,END.CamMass.Residuals,CTMax.WAM.Mass.Residuals
1,A1.P1.R1R3G6.heart,CTACTGTA,AACCGCGG,A1,P1,R1R3G6,heart,OCE,32,12,1,28,M,4/9/19,4/2/19,,7.3,NA,0.86332286,75,NA,NA,1.732613606,0.238701721,NA,NA,NA,NA,36.5,-0.14361438,NA,NA,NA,NA,-2.694291848
2,A1.P1.R1R3G6.heart,CTACTGTA,AACCGCGG,A1,P1,R1R3G6,heart,OCE,32,28,1,28,M,6/20/19,6/4/19,6/27/19,9.8,10.7,0.991226076,69,76,0.011,4.360143028,0.639500736,34.60974988,40.09142754,25.89656465,18.60311802,42.4,0.200276469,3.878068557,-4.022557094,-1.459819206,-2.608675539,2.973860302
3,B1.P1.G1O3R6.heart,CTACTGTA,GGTTATAA,B1,P1,G1O3R6,heart,SOC,28,12,1,28,M,3/25/19,,,8.3,NA,0.919078092,78,NA,NA,NA,NA,NA,NA,NA,NA,35,NA,NA,NA,NA,NA,-4.287030988
4,B1.P1.G1O3R6.heart,CTACTGTA,GGTTATAA,B1,P1,G1O3R6,heart,SOC,28,28,1,28,M,6/21/19,6/5/19,6/28/19,11.3,13.1,1.053078443,71,74,0.009,5.626834904,0.750264173,40.76990252,56.51355788,30.88321791,24.38293768,42.53,0.283519842,3.782163845,7.331607113,-0.070935278,-0.648417356,2.964751593
5,C1.P1.G1R2R6.heart,CTACTGTA,CCAAGTCC,C1,P1,G1R2R6,heart,SOC,28,12,1,28,M,3/25/19,,,7.1,NA,0.851258349,77,NA,NA,NA,NA,NA,NA,NA,NA,35.2,NA,NA,NA,NA,NA,-3.97574402
6,C1.P1.G1R2R6.heart,CTACTGTA,CCAAGTCC,C1,P1,G1R2R6,heart,SOC,28,28,1,28,M,6/21/19,6/5/19,6/28/19,8.4,9.2,0.924279286,70,75,0.011,4.446023516,0.647971755,35.65513314,44.14254648,22.61562594,20.4485671,42.51,0.238534222,8.833487662,3.196040678,-2.492152084,1.623999465,3.213695098
7,D1.P1.G2O3R5.heart,CTACTGTA,TTGGACTT,D1,P1,G2O3R5,heart,SOC,28,12,1,28,F,4/9/19,,,8.7,NA,0.939519253,80,NA,NA,NA,NA,NA,NA,NA,NA,34.8,NA,NA,NA,NA,NA,-4.524126644
8,D1.P1.G2O3R5.heart,CTACTGTA,TTGGACTT,D1,P1,G2O3R5,heart,SOC,28,28,1,28,F,6/21/19,6/5/19,6/28/19,10.6,11.3,1.025305865,70,76,0.01,3.955642863,0.597217074,26.92757691,44.44686338,20.38017308,14.41492402,42.33,0.142829637,-5.368118751,-0.934112788,-7.875653109,-7.751759908,2.829668991
9,E1.P1.P1G4G5.heart,CTACTGTA,CAGTGGAT,E1,P1,P1G4G5,heart,NOC,28,12,1,28,F,3/28/19,3/21/19,,13.8,NA,1.139879086,91,NA,NA,2.740096715,0.437765892,NA,NA,NA,NA,36.3,-0.067598776,NA,NA,NA,NA,-3.497096257
10,E1.P1.P1G4G5.heart,CTACTGTA,CAGTGGAT,E1,P1,P1G4G5,heart,NOC,28,28,1,28,F,6/21/19,,6/28/19,14.4,16,1.158362492,79,81,0.014,NA,NA,39.04044851,48.50186563,28.37847122,15.64751056,42.6,NA,-5.506692798,-6.803877547,-6.922986577,-13.99914793,2.747260259
11,F1.P1.G2P3P4P6.heart,CTACTGTA,TGACAAGC,F1,P1,G2P3P4P6,heart,OCE,32,12,2,12,M,6/18/19,5/27/19,6/25/19,18.7,19.9,1.271841607,84,83,0.019,1.775614685,0.249348728,103.5024348,51.98760999,30.08683754,13.59244284,35.91,-0.314730218,48.78920029,-11.55357815,-11.06099542,-22.26100305,-4.341518042
12,G1.P1.R1R4G5.heart,CTACTGTA,CTAGCTTG,G1,P1,R1R4G5,heart,OCE,32,28,2,12,M,4/2/19,,,9.1,NA,0.959041392,71,NA,NA,NA,NA,NA,NA,NA,NA,42.6,NA,NA,NA,NA,NA,3.2387777
13,G1.P1.R1R4G5.heart,CTACTGTA,CTAGCTTG,G1,P1,R1R4G5,heart,OCE,32,12,2,12,M,6/18/19,5/27/19,6/25/19,11.1,12.2,1.045322979,73,76,0.018,1.403620134,0.147249589,NA,45.78076957,21.19661098,30.26481664,36.42,-0.316044092,NA,-1.500693897,-8.408378709,6.665797158,-3.126700579
14,H1.P1.P1G2R3.heart,CTACTGTA,TCGATCCA,H1,P1,P1G2R3,heart,SOC,28,12,1,28,M,4/3/19,3/21/19,,7.3,NA,0.86332286,75,NA,NA,2.467920725,0.392331205,NA,NA,NA,NA,35.7,0.010015104,NA,NA,NA,NA,-3.494291848
15,H1.P1.P1G2R3.heart,CTACTGTA,TCGATCCA,H1,P1,P1G2R3,heart,SOC,28,28,1,28,M,6/19/19,5/30/19,6/26/19,9.6,11.2,0.982271233,72,77,0.014,4.799970749,0.681238591,35.10975847,52.93929634,29.01309281,14.72697659,42.6,0.245998616,3.074731866,7.769485428,0.907173676,-7.280558943,3.19240813
16,A2.P1.O1G2R5.heart,CTACTGTA,CCTGAACT,A2,P1,O1G2R5,heart,OCE,32,28,2,12,F,3/28/19,3/22/19,,12.4,NA,1.093421685,73,NA,NA,4.754867033,0.677138377,NA,NA,NA,NA,42.6,0.192444068,NA,NA,NA,NA,2.932738539
17,A2.P1.O1G2R5.heart,CTACTGTA,CCTGAACT,A2,P1,O1G2R5,heart,OCE,32,12,2,12,F,6/18/19,5/27/19,6/25/19,13.5,14.9,1.130333768,72,81,0.016,1.13213797,0.053899356,57.69950772,53.26638074,31.93568117,33.29290991,37.22,-0.4472183,16.01972603,0.283455374,-1.716799017,5.396883766,-2.549274515
18,B2.P1.R1O2P4.heart,CTACTGTA,TTCAGGTC,B2,P1,R1O2P4,heart,SOC,28,12,1,28,M,3/25/19,,,9.1,NA,0.959041392,79,NA,NA,NA,NA,NA,NA,NA,NA,34.7,NA,NA,NA,NA,NA,-4.6612223
19,B2.P1.R1O2P4.heart,CTACTGTA,TTCAGGTC,B2,P1,R1O2P4,heart,SOC,28,28,1,28,M,6/20/19,6/4/19,6/27/19,13.5,16.8,1.130333768,72,87,0.018,4.228057473,0.626140882,40.21233772,41.81210892,39.1807272,31.54410793,41.94,0.125023226,-6.420156039,-15.1829563,2.680012959,0.624262283,2.170725485
20,C2.P1.R3P5G6.heart,CTACTGTA,AGTAGAGA,C2,P1,R3P5G6,heart,OCE,32,12,1,28,M,3/27/19,,,8.7,NA,0.939519253,68,NA,NA,NA,NA,NA,NA,NA,NA,36.3,NA,NA,NA,NA,NA,-3.024126644
21,C2.P1.R3P5G6.heart,CTACTGTA,AGTAGAGA,C2,P1,R3P5G6,heart,OCE,32,28,1,28,M,6/20/19,6/4/19,6/27/19,12.1,13.6,1.08278537,75,80,NA,6.121970358,0.786891222,43.03170525,48.00094939,41.49950232,29.08297987,42.88,0.306929344,4.740621294,-2.236827654,9.795813855,3.255882859,3.240560281
22,D2.P1.P2R4G5.heart,CTACTGTA,GACGAGAG,D2,P1,P2R4G5,heart,OCE,32,12,1,28,F,4/9/19,4/2/19,,10.6,NA,1.025305865,82,NA,NA,3.123603701,0.494655929,NA,NA,NA,NA,35.5,0.040268492,NA,NA,NA,NA,-4.000331009
23,D2.P1.P2R4G5.heart,CTACTGTA,GACGAGAG,D2,P1,P2R4G5,heart,OCE,32,28,1,28,F,6/20/19,6/4/19,6/27/19,11,11.8,1.041392685,72,78,0.013,4.176369543,0.62079892,32.67528473,40.86334983,33.99211324,26.64345124,42.4,0.15925395,-0.923756212,-5.573452615,4.986751773,3.681025337,2.862573335
24,E2.P1.G1R3G5.heart,CTACTGTA,AGACTTGG,E2,P1,G1R3G5,heart,SOC,28,12,1,28,M,3/25/19,,,8.4,NA,0.924279286,80,NA,NA,NA,NA,NA,NA,NA,NA,35.6,NA,NA,NA,NA,NA,-3.696304902
25,E2.P1.G1R3G5.heart,CTACTGTA,AGACTTGG,E2,P1,G1R3G5,heart,SOC,28,28,1,28,M,6/19/19,5/30/19,6/26/19,10.3,11.1,1.012837225,72,77,0.01,3.767923959,0.57610213,33.04426655,48.82042132,32.44936637,15.29595671,42.45,0.127262383,1.269909002,3.861775663,4.493354292,-6.552430428,2.977490733
26,F2.P1.G2P4G5.heart,CTACTGTA,GAGTCCAA,F2,P1,G2P4G5,heart,SOC,28,12,1,28,F,4/3/19,3/21/19,,12.8,NA,1.10720997,90,NA,NA,1.622288046,0.210127968,NA,NA,NA,NA,36.3,-0.280701182,NA,NA,NA,NA,-3.404357117
27,F2.P1.G2P4G5.heart,CTACTGTA,GAGTCCAA,F2,P1,G2P4G5,heart,SOC,28,28,1,28,F,6/19/19,5/30/19,6/26/19,15.2,15.1,1.181843588,82,85,0.014,5.556808758,0.74482545,42.56742616,61.53887724,40.48079483,25.24571469,42.48,0.220789454,0.366306359,8.133621363,6.528500532,-2.968608244,2.553068947
28,G2.P1.R2P5P6.heart,CTACTGTA,CTTAAGCC,G2,P1,R2P5P6,heart,OCE,32,12,1,28,F,3/25/19,,,9.3,NA,0.968482949,84,NA,NA,NA,NA,NA,NA,NA,NA,34.4,NA,NA,NA,NA,NA,-4.979770128
29,G2.P1.R2P5P6.heart,CTACTGTA,CTTAAGCC,G2,P1,R2P5P6,heart,OCE,32,28,1,28,F,6/20/19,6/4/19,6/27/19,11.8,11.2,1.071882007,72,78,0.014,4.023120978,0.604563092,30.73835154,49.75473216,32.55025519,13.73164901,42.28,0.129452464,-1.296675064,4.584921248,4.444336056,-8.275886523,2.668382023
30,H2.P1.P1G5P6.heart,CTACTGTA,TCCGGATT,H2,P1,P1G5P6,heart,SOC,28,28,2,12,F,3/26/19,,,14.4,NA,1.158362492,81,NA,NA,NA,NA,NA,NA,NA,NA,42.1,NA,NA,NA,NA,NA,2.247260259
31,H2.P1.P1G5P6.heart,CTACTGTA,TCCGGATT,H2,P1,P1G5P6,heart,SOC,28,12,2,12,F,6/18/19,5/27/19,6/25/19,15,16.5,1.176091259,70,81,0.024,2.068418076,0.315638324,64.3444067,58.97505928,35.21763449,58.36989093,36.1,-0.20583828,18.49392011,2.613489826,-0.833358585,27.92749047,-3.808383225
32,A3.P1.R3R4G6.heart,CTACTGTA,CTGTATTA,A3,P1,R3R4G6,heart,SOC,28,12,1,28,F,4/3/19,,,5.7,NA,0.755874856,68,NA,NA,NA,NA,NA,NA,NA,NA,35.7,NA,NA,NA,NA,NA,-3.345909224
33,A3.P1.R3R4G6.heart,CTACTGTA,CTGTATTA,A3,P1,R3R4G6,heart,SOC,28,28,1,28,F,6/21/19,6/5/19,6/28/19,7.4,8.9,0.86923172,61,62,0.009,6.663084852,0.823675344,36.78226722,36.5960749,33.03125963,19.50579093,42.5,0.438730205,10.74262891,-3.716935135,8.373202773,1.158668479,3.296434238
34,B3.P1.P3R4G6.heart,CTACTGTA,TCACGCCG,B3,P1,P3R4G6,heart,SOC,28,12,1,28,F,4/9/19,,,7.3,NA,0.86332286,75,NA,NA,NA,NA,NA,NA,NA,NA,35.6,NA,NA,NA,NA,NA,-3.594291848
35,B3.P1.P3R4G6.heart,CTACTGTA,TCACGCCG,B3,P1,P3R4G6,heart,SOC,28,28,1,28,F,6/21/19,6/5/19,6/28/19,8.8,9.3,0.944482672,65,71,0.011,4.670666273,0.669378837,29.59821897,41.99733439,24.10588896,17.54664565,42.77,0.250952182,2.515904436,0.839663333,-1.151796119,-1.43707038,3.436599442
36,C3.P1.G1R2P5.heart,CTACTGTA,ACTTACAT,C3,P1,G1R2P5,heart,NOC,28,12,1,28,M,3/28/19,3/21/19,,6.2,NA,0.792391689,75,NA,NA,2.276732806,0.357312065,NA,NA,NA,NA,36.6,0.006555473,NA,NA,NA,NA,-2.492278794
37,C3.P1.G1R2P5.heart,CTACTGTA,ACTTACAT,C3,P1,G1R2P5,heart,NOC,28,28,1,28,M,6/21/19,6/5/19,6/28/19,7.1,8,0.851258349,70,71,0.007,3.690232728,0.567053756,34.09264669,41.97886674,19.66127361,12.4385951,42.68,0.190105535,10.39902989,3.566344004,-3.647619748,-4.476191797,3.50425598
38,D3.P1.O3O4R6.heart,CTACTGTA,GTCCGTGC,D3,P1,O3O4R6,heart,OCE,32,28,2,12,F,4/15/19,4/8/19,,12.3,NA,1.089905111,82,NA,NA,6.91947574,0.840073191,NA,NA,NA,NA,NA,0.356943516,NA,NA,NA,NA,NA
39,D3.P1.O3O4R6.heart,CTACTGTA,GTCCGTGC,D3,P1,O3O4R6,heart,OCE,32,12,2,12,F,6/18/19,5/27/19,6/25/19,13.9,15.5,1.1430148,80,83,0.023,2.729414688,0.436069524,69.07093029,47.23646828,39.18407193,36.48875244,37.33,-0.070690322,25.82713426,-7.013448619,4.63214941,7.637835926,-2.476370171
40,E3.P1.G4G5R6.heart,CTACTGTA,AAGGTACC,E3,P1,G4G5R6,heart,NOC,28,12,1,28,M,4/3/19,3/21/19,,7.5,NA,0.875061263,75,NA,NA,1.566653147,0.194972855,NA,NA,NA,NA,36.4,-0.192566031,NA,NA,NA,NA,-2.812839676
41,E3.P1.G4G5R6.heart,CTACTGTA,AAGGTACC,E3,P1,G4G5R6,heart,NOC,28,28,1,28,M,6/19/19,5/30/19,6/26/19,10.4,13.2,1.017033339,73,81,0.011,3.575923976,0.553388277,34.20187529,41.16192716,26.55621318,9.555873606,42.38,0.102681547,-3.046532441,-8.231188862,-4.547847063,-15.63462983,2.898216819
42,F3.P1.R1R2R6.heart,CTACTGTA,GGAACGTT,F3,P1,R1R2R6,heart,OCE,32,12,1,28,F,4/9/19,4/2/19,,7.6,NA,0.880813592,75,NA,NA,1.866182283,0.270954062,NA,NA,NA,NA,36.3,-0.119144216,NA,NA,NA,NA,-2.92211359
43,F3.P1.R1R2R6.heart,CTACTGTA,GGAACGTT,F3,P1,R1R2R6,heart,OCE,32,28,1,28,F,6/19/19,5/30/19,6/26/19,8.7,9.4,0.939519253,68,70,0.01,3.096071549,0.490810989,11.12215167,42.71285358,32.13833918,17.76778393,42.55,0.074592715,-16.22083192,1.344017267,6.730747045,-1.375080495,3.225873356
44,G3.P1.P3R4R5.heart,CTACTGTA,AATTCTGC,G3,P1,P3R4R5,heart,OCE,32,12,1,28,M,3/27/19,,,10.8,NA,1.033423755,75,NA,NA,NA,NA,NA,NA,NA,NA,36.5,NA,NA,NA,NA,NA,-3.018878837
45,G3.P1.P3R4R5.heart,CTACTGTA,AATTCTGC,G3,P1,P3R4R5,heart,OCE,32,28,1,28,M,6/19/19,5/30/19,6/26/19,11.8,13.2,1.071882007,76,76,0.016,4.159116354,0.61900107,49.74749578,59.45817493,38.68243517,24.63063138,42.54,0.143890442,12.49908805,10.06505891,7.578374927,-0.559872051,2.928382023
46,H3.P1.R1P2O5.heart,CTACTGTA,GGCCTCAT,H3,P1,R1P2O5,heart,NOC,28,12,1,28,M,3/25/19,,,7.8,NA,0.892094603,80,NA,NA,NA,NA,NA,NA,NA,NA,33.9,NA,NA,NA,NA,NA,-5.340661418
47,H3.P1.R1P2O5.heart,CTACTGTA,GGCCTCAT,H3,P1,R1P2O5,heart,NOC,28,28,1,28,M,6/19/19,5/30/19,6/26/19,12.2,13.9,1.086359831,75,80,0.017,3.148649514,0.498124321,54.08256851,85.82417121,43.79276956,26.84653927,42,0.016572053,15.00947738,34.9528984,11.63935993,0.541997075,2.351286367
48,A4.P1.O2O3G6.heart,CTACTGTA,ATCTTAGT,A4,P1,O2O3G6,heart,SOC,28,28,2,12,M,4/15/19,4/8/19,,7.1,NA,0.851258349,67,NA,NA,4.357123426,0.639199863,NA,NA,NA,NA,NA,0.262251642,NA,NA,NA,NA,NA
49,A4.P1.O2O3G6.heart,CTACTGTA,ATCTTAGT,A4,P1,O2O3G6,heart,SOC,28,12,2,12,M,6/18/19,5/27/19,6/25/19,7.8,8.7,0.892094603,64,67,0.013,1.427549174,0.154591077,47.93646415,31.60479143,24.47879073,22.41997947,36.54,-0.240526478,22.41816395,-8.285888094,0.120547984,4.391153809,-2.700661418
50,B4.P1.O1O3R4.heart,CTACTGTA,GCTCCGAC,B4,P1,O1O3R4,heart,NOC,28,12,1,28,F,3/27/19,,,6.8,NA,0.832508913,64,NA,NA,NA,NA,NA,NA,NA,NA,35.9,NA,NA,NA,NA,NA,-3.247922278
51,B4.P1.O1O3R4.heart,CTACTGTA,GCTCCGAC,B4,P1,O1O3R4,heart,NOC,28,28,1,28,F,6/20/19,6/4/19,6/27/19,8.1,9.1,0.908485019,68,70,0.01,3.980928871,0.599984418,22.35796047,66.77188322,16.71046926,6.625123539,42.51,0.197574251,-4.203015951,26.03654267,-8.247401708,-12.0402957,3.24151684
52,C4.P1.G2G3R5.heart,CTACTGTA,ATACCAAG,C4,P1,G2G3R5,heart,NOC,28,12,1,28,F,4/3/19,3/21/19,,10,NA,1,80,NA,NA,1.950754036,0.290202514,NA,NA,NA,NA,36,-0.152925548,NA,NA,NA,NA,-3.444687526
53,C4.P1.G2G3R5.heart,CTACTGTA,ATACCAAG,C4,P1,G2G3R5,heart,NOC,28,28,1,28,F,6/19/19,5/30/19,6/26/19,10.5,12,1.021189299,70,76,0.007,2.468312819,0.392400199,21.08191473,32.23384529,22.6334337,7.834364822,42.37,-0.060155648,-13.03846432,-14.62528767,-6.671741878,-15.44635787,2.878942905
54,D4.P1.P1O3R4.heart,CTACTGTA,GCGTTGGA,D4,P1,P1O3R4,heart,NOC,28,12,1,28,M,3/25/19,,,12.9,NA,1.11058971,92,NA,NA,NA,NA,NA,NA,NA,NA,35.2,NA,NA,NA,NA,NA,-4.513631031
55,D4.P1.P1O3R4.heart,CTACTGTA,GCGTTGGA,D4,P1,P1O3R4,heart,NOC,28,28,1,28,M,6/19/19,5/30/19,6/26/19,13.5,15.9,1.130333768,80,87,0.019,5.324838761,0.726306462,41.26871652,90.38115627,46.7821851,24.82332375,42.28,0.225188806,-3.017755732,35.28657835,11.63063436,-4.664186343,2.510725485
56,E4.P1.P2O4G5.heart,CTACTGTA,CTTCACGG,E4,P1,P2O4G5,heart,SOC,28,12,1,28,F,3/28/19,3/21/19,,7.5,NA,0.875061263,75,NA,NA,2.922063512,0.465689651,NA,NA,NA,NA,36,0.078150765,NA,NA,NA,NA,-3.212839676
57,E4.P1.P2O4G5.heart,CTACTGTA,CTTCACGG,E4,P1,P2O4G5,heart,SOC,28,28,1,28,F,6/21/19,6/5/19,6/28/19,9.6,10.8,0.982271233,71,71,0.009,4.074517678,0.610076206,25.13403136,46.21561771,22.78629037,12.89584516,42.57,0.174836231,-5.858319019,1.89046782,-4.720000542,-8.475096794,3.16240813
58,F4.P1.R1G2P4.heart,CTACTGTA,TCCTGTAA,F4,P1,R1G2P4,heart,NOC,28,12,1,28,F,3/28/19,3/21/19,,9.2,NA,0.963787827,80,NA,NA,2.059430695,0.313747181,NA,NA,NA,NA,35.9,-0.113268945,NA,NA,NA,NA,-3.470496214
59,F4.P1.R1G2P4.heart,CTACTGTA,TCCTGTAA,F4,P1,R1G2P4,heart,NOC,28,28,1,28,F,6/19/19,5/30/19,6/26/19,10.5,9.7,1.021189299,68,70,0.012,4.05496584,0.6079872,16.34162483,45.30001888,32.80001933,19.38482602,42.28,0.155431353,-11.78336593,3.297686801,6.942706029,-0.23548359,2.788942905
60,G4.P1.G2P3R6.heart,CTACTGTA,AGAATGCC,G4,P1,G2P3R6,heart,OCE,32,28,1,28,M,6/20/19,6/4/19,6/27/19,14,14.4,1.146128036,75,80,0.015,4.547922472,0.657813053,NA,45.17569267,10.85929733,22.75195844,42.59,0.14966803,NA,-6.751406418,-22.04364758,-4.34832573,2.774355915
61,H4.P1.R2O3O5.heart,CTACTGTA,GAGGCATT,H4,P1,R2O3O5,heart,SOC,28,12,1,28,M,4/9/19,4/2/19,,7.6,NA,0.880813592,74,NA,NA,1.740044479,0.24056035,NA,NA,NA,NA,36.2,-0.149537928,NA,NA,NA,NA,-3.02211359
62,H4.P1.R2O3O5.heart,CTACTGTA,GAGGCATT,H4,P1,R2O3O5,heart,SOC,28,28,1,28,M,6/20/19,6/4/19,6/27/19,8.5,8.8,0.929418926,67,70,0.006,2.656835267,0.424364627,20.68004996,33.67053794,15.06607702,2.806099406,42.12,0.012640306,-5.098919292,-6.43130684,-9.442072782,-15.38187465,2.814421184
63,A5.P1.G2G3O4.heart,CTACTGTA,CCTCGGTA,A5,P1,G2G3O4,heart,OCE,32,28,2,12,F,4/2/19,3/27/19,,15.6,NA,1.193124598,86,NA,NA,4.428386254,0.646245494,NA,NA,NA,NA,43,0.117190222,NA,NA,NA,NA,3.035973291
64,A5.P1.G2G3O4.heart,CTACTGTA,CCTCGGTA,A5,P1,G2G3O4,heart,OCE,32,12,2,12,F,6/17/19,5/27/19,6/25/19,17,17.5,1.230448921,82,91,0.025,2.018219478,0.304968393,61.03539264,4.606692144,30.95453758,26.9123655,37.92,-0.240693645,12.57821549,-53.86652987,-6.595526049,-5.121518912,-2.173861504
65,B5.P1.G2O3O4.heart,CTACTGTA,TTCTAACG,B5,P1,G2O3O4,heart,NOC,28,12,2,12,M,6/18/19,5/27/19,6/25/19,6.9,7.5,0.838849091,62,66,0.012,1.2077012,0.081959498,56.03719877,33.67424857,23.45836108,24.4934672,34.74,-0.289467453,33.64692725,-3.682447888,0.899002999,8.374422278,-4.417196192
66,C5.P1.P1G4O5.heart,CTACTGTA,ATGAGGCT,C5,P1,P1G4O5,heart,SOC,28,12,1,28,M,3/27/19,,,11.7,NA,1.068185862,72,NA,NA,NA,NA,NA,NA,NA,NA,35.6,NA,NA,NA,NA,NA,-4.002344063
67,C5.P1.P1G4O5.heart,CTACTGTA,ATGAGGCT,C5,P1,P1G4O5,heart,SOC,28,28,1,28,M,6/19/19,5/30/19,6/26/19,11.4,12.7,1.056904851,74,79,0.013,3.068604679,0.486940943,31.59791537,48.35007476,29.33576979,11.44425871,42.77,0.018494123,-4.347147079,0.012785015,-1.018755176,-12.95050275,3.195477679
68,D5.P1.R3O4O6.heart,CTACTGTA,GCAGAATC,D5,P1,R3O4O6,heart,NOC,28,12,1,28,F,3/27/19,,,6.5,NA,0.812913357,65,NA,NA,NA,NA,NA,NA,NA,NA,36,NA,NA,NA,NA,NA,-3.120100536
69,D5.P1.R3O4O6.heart,CTACTGTA,GCAGAATC,D5,P1,R3O4O6,heart,NOC,28,28,1,28,F,6/21/19,6/5/19,6/28/19,8.4,8.7,0.924279286,66,71,0.007,3.813910032,0.581370444,20.78239407,36.42179108,11.65102239,4.299815341,42.67,0.171932911,-4.735906126,-3.468888444,-12.70722036,-13.72901032,3.373695098
70,E5.P1.O1O2R5.heart,CTACTGTA,CACTACGA,E5,P1,O1O2R5,heart,NOC,28,12,1,28,F,3/28/19,3/21/19,,9,NA,0.954242509,81,NA,NA,1.993549344,0.29962699,NA,NA,NA,NA,35.5,-0.123142124,NA,NA,NA,NA,-3.851948386
71,E5.P1.O1O2R5.heart,CTACTGTA,CACTACGA,E5,P1,O1O2R5,heart,NOC,28,28,1,28,F,6/19/19,5/30/19,6/26/19,9.7,11.1,0.986771734,74,77,0.014,3.801622422,0.57996898,29.91230365,46.26439482,28.017668,8.236858092,42.66,0.14272659,-1.862053898,1.305749163,0.061655922,-13.61152905,3.243134216
72,F5.P1.O3G5R6.heart,CTACTGTA,TGTCGTAG,F5,P1,O3G5R6,heart,SOC,28,12,1,28,F,4/9/19,4/2/19,,10,NA,1,81,NA,NA,3.574111298,0.553168072,NA,NA,NA,NA,36.6,0.11004001,NA,NA,NA,NA,-2.844687526
73,F5.P1.O3G5R6.heart,CTACTGTA,TGTCGTAG,F5,P1,O3G5R6,heart,SOC,28,28,1,28,F,6/20/19,6/4/19,6/27/19,12.2,13.4,1.086359831,72,82,0.012,3.211196707,0.50666691,31.74627003,83.08785268,22.30045954,11.9934885,42.79,0.025114642,-6.023475814,33.27240615,-9.103414814,-13.51531172,3.141286367
74,G5.P1.R1G3R5.heart,CTACTGTA,ACCACTTA,G5,P1,R1G3R5,heart,SOC,28,12,1,28,M,4/3/19,3/21/19,,8.3,NA,0.919078092,78,NA,NA,1.468820133,0.166968617,NA,NA,NA,NA,35,-0.240154742,NA,NA,NA,NA,-4.287030988
75,G5.P1.R1G3R5.heart,CTACTGTA,ACCACTTA,G5,P1,R1G3R5,heart,SOC,28,28,1,28,M,6/19/19,,6/26/19,11.2,12.2,1.049218023,72,79,0.013,NA,NA,37.712644,50.63701338,40.56535257,23.87824103,42.42,NA,3.070926832,3.355549913,10.96036288,0.279221548,2.864025507
76,H5.P1.R3R5R6.heart,CTACTGTA,GTTGTCCG,H5,P1,R3R5R6,heart,SOC,28,12,1,28,M,3/28/19,3/21/19,,9.5,NA,0.977723605,83,NA,NA,1.508669839,0.178594208,NA,NA,NA,NA,35.4,-0.254622385,NA,NA,NA,NA,-3.998317956
77,H5.P1.R3R5R6.heart,CTACTGTA,GTTGTCCG,H5,P1,R3R5R6,heart,SOC,28,28,1,28,M,6/20/19,6/4/19,6/27/19,11.2,12.7,1.049218023,73,78,0.01,3.845140928,0.584912262,43.23118995,50.26663076,32.46707846,23.59892897,42.2,0.119885553,7.286127501,1.929341015,2.112553494,-0.795832487,2.644025507
78,A6.P1.R3G5O6.heart,CTACTGTA,ATCCATAT,A6,P1,R3G5O6,heart,OCE,32,12,1,28,M,3/28/19,3/21/19,,6.4,NA,0.806179974,73,NA,NA,3.218408133,0.507641117,NA,NA,NA,NA,35.6,0.150749684,NA,NA,NA,NA,-3.510826622
79,A6.P1.R3G5O6.heart,CTACTGTA,ATCCATAT,A6,P1,R3G5O6,heart,OCE,32,28,1,28,M,6/19/19,5/30/19,6/26/19,9,10.8,0.954242509,73,75,0.011,2.615324286,0.417525547,27.4624966,41.36851279,25.48697021,10.7986295,42.06,-0.005243567,-3.529853779,-2.9566371,-2.019320702,-10.57231245,2.708051614
80,B6.P1.P1G5O6.heart,CTACTGTA,GCTTGCGC,B6,P1,P1G5O6,heart,SOC,28,12,1,28,F,4/9/19,4/2/19,,13.7,NA,1.136720567,85,NA,NA,3.119926852,0.494144412,NA,NA,NA,NA,35.8,-0.009814932,NA,NA,NA,NA,-3.987822343
81,B6.P1.P1G5O6.heart,CTACTGTA,GCTTGCGC,B6,P1,P1G5O6,heart,SOC,28,28,1,28,F,6/21/19,6/5/19,6/28/19,11.8,12.2,1.071882007,NA,75,0.012,4.560230577,0.658986802,35.59343637,44.82732605,25.59139909,22.06167535,42.28,0.183876174,0.951719202,-2.454137417,-4.013590599,-1.537344132,2.668382023
82,C6.P1.O1G3P6.heart,CTACTGTA,AGTATCTT,C6,P1,O1G3P6,heart,OCE,32,12,1,28,M,3/27/19,,,10,NA,1,73,NA,NA,NA,NA,NA,NA,NA,NA,36.2,NA,NA,NA,NA,NA,-3.244687526
83,C6.P1.O1G3P6.heart,CTACTGTA,AGTATCTT,C6,P1,O1G3P6,heart,OCE,32,28,1,28,M,6/21/19,6/5/19,6/28/19,11.3,12.6,1.053078443,75,75,0.013,5.066764705,0.704730737,46.08402918,44.5908687,37.42671858,29.74082093,42.44,0.237986406,10.39963579,-3.535255789,7.22210067,5.505207868,2.874751593
84,D6.P1.G2P3O6.heart,CTACTGTA,GACGCTCC,D6,P1,G2P3O6,heart,SOC,28,28,2,12,F,4/15/19,4/8/19,,9.7,NA,0.986771734,73,NA,NA,4.589384431,0.661754438,NA,NA,NA,NA,NA,0.224512048,NA,NA,NA,NA,NA
85,D6.P1.G2P3O6.heart,CTACTGTA,GACGCTCC,D6,P1,G2P3O6,heart,SOC,28,12,2,12,F,6/18/19,5/27/19,6/25/19,10,10.3,1,72,74,0.01,1.303840907,0.115224603,13.75888003,33.47203344,23.03942323,20.70727897,35.72,-0.327903459,-15.93012507,-9.797290172,-3.717332404,0.132078991,-3.724687526
86,E6.P1.G1R4P6.heart,CTACTGTA,CATGCCAT,E6,P1,G1R4P6,heart,OCE,32,12,1,28,M,4/3/19,3/21/19,,8.8,NA,0.944482672,78,NA,NA,2.140488756,0.330512951,NA,NA,NA,NA,36.4,-0.087913704,NA,NA,NA,NA,-2.933400558
87,E6.P1.G1R4P6.heart,CTACTGTA,CATGCCAT,E6,P1,G1R4P6,heart,OCE,32,28,1,28,M,6/19/19,5/30/19,6/26/19,10.9,12,1.037426498,71,76,0.011,2.827998618,0.451479193,31.8823504,46.78227274,34.16070316,19.32346534,42.51,-0.008301095,-2.238028655,-0.076860216,4.855527582,-3.957257352,2.981847249
88,F6.P1.G2O3P5.heart,CTACTGTA,TGCATTGC,F6,P1,G2O3P5,heart,NOC,28,28,2,12,M,4/2/19,3/27/19,,10.9,NA,1.037426498,71,NA,NA,3.282547068,0.516210962,NA,NA,NA,NA,42.8,0.056430674,NA,NA,NA,NA,3.271847249
89,F6.P1.G2O3P5.heart,CTACTGTA,TGCATTGC,F6,P1,G2O3P5,heart,NOC,28,12,2,12,M,6/18/19,5/27/19,6/25/19,12.1,12.5,1.08278537,77,80,0.014,2.620737064,0.418423451,57.62368696,31.58232636,29.93386529,25.0959577,36.98,-0.061538427,22.19996262,-16.33263287,-0.120845565,1.019493033,-2.659439719
90,G6.P1.O4G5G6.heart,CTACTGTA,ATTGGAAC,G6,P1,O4G5G6,heart,OCE,32,12,1,28,F,4/9/19,,,15.3,NA,1.184691431,93,NA,NA,NA,NA,NA,NA,NA,NA,36.1,NA,NA,NA,NA,NA,-3.836204967
91,G6.P1.O4G5G6.heart,CTACTGTA,ATTGGAAC,G6,P1,O4G5G6,heart,OCE,32,28,1,28,F,6/19/19,5/30/19,6/26/19,12.7,14,1.103803721,80,84,0.011,2.861372849,0.456574452,27.23261531,52.96615458,23.53114905,9.988462216,41.83,-0.032739151,-12.10114487,1.883716514,-8.772167637,-16.47522837,2.134916797
92,H6.P1.P1R3R5.heart,CTACTGTA,GCCAAGGT,H6,P1,P1R3R5,heart,OCE,32,12,1,28,F,4/9/19,4/2/19,,13.2,NA,1.120573931,90,NA,NA,0.959753145,-0.017840456,NA,NA,NA,NA,36.3,-0.514615653,NA,NA,NA,NA,-3.441452773
93,H6.P1.P1R3R5.heart,CTACTGTA,GCCAAGGT,H6,P1,P1R3R5,heart,OCE,32,28,1,28,F,6/20/19,6/4/19,6/27/19,12,12.1,1.079181246,75,78,0.014,6.786195631,0.831626375,NA,63.30751832,37.88975518,24.63707615,42.52,0.353268086,NA,16.23722011,8.434672547,1.197205063,2.889834195
94,A7.P1.O1R4P5.heart,CTACTGTA,CGAGATAT,A7,P1,O1R4P5,heart,SOC,28,28,2,12,F,4/15/19,4/8/19,,10.1,NA,1.004321374,71,NA,NA,5.703040828,0.756106481,NA,NA,NA,NA,NA,0.311055704,NA,NA,NA,NA,NA
95,A7.P1.O1R4P5.heart,CTACTGTA,CGAGATAT,A7,P1,O1R4P5,heart,SOC,28,12,2,12,F,6/17/19,,6/24/19,10.7,12.4,1.029383778,69,74,0.018,NA,NA,7.042778097,43.74704841,31.3695907,37.87773348,36.15,NA,-28.12027718,-3.956745568,1.4647869,13.96041721,-3.359604923
96,B7.P1.P2G5G6.heart,CTACTGTA,TAGAGCGC,B7,P1,P2G5G6,heart,SOC,28,28,2,12,M,4/15/19,4/8/19,,11.4,NA,1.056904851,74,NA,NA,4.288120847,0.632267016,NA,NA,NA,NA,NA,0.163820196,NA,NA,NA,NA,NA
97,B7.P1.P2G5G6.heart,CTACTGTA,TAGAGCGC,B7,P1,P2G5G6,heart,SOC,28,12,2,12,M,6/18/19,5/27/19,6/25/19,11.4,12.2,1.056904851,73,81,0.016,1.212588512,0.083713449,55.77116786,46.81198852,28.08552915,28.6265526,36.19,-0.384733371,21.12945069,-0.469474947,-1.519460539,5.027533118,-3.384522321
98,C7.P1.R3O5O6.heart,CTACTGTA,AACCTGTT,C7,P1,R3O5O6,heart,NOC,28,28,2,12,F,4/15/19,4/8/19,,8.4,NA,0.924279286,67,NA,NA,5.07515148,0.705449009,NA,NA,NA,NA,NA,0.296011476,NA,NA,NA,NA,NA
99,C7.P1.R3O5O6.heart,CTACTGTA,AACCTGTT,C7,P1,R3O5O6,heart,NOC,28,12,2,12,F,6/17/19,5/27/19,6/24/19,10.1,10.7,1.004321374,71,73,0.012,1.967888217,0.294000425,18.99978689,30.17003186,20.59769446,31.28307074,37.08,-0.151050352,-11.73189443,-13.94395277,-6.758689396,10.07127718,-2.37396144
100,D7.P1.R1P2R5.heart,CTACTGTA,GGTTCACC,D7,P1,R1P2R5,heart,OCE,32,28,1,28,M,6/19/19,5/30/19,6/26/19,11.6,11.3,1.064457989,74,75,0.017,3.838932918,0.584210523,41.46478765,68.99846128,43.20054725,29.67394833,42.11,0.112403074,9.169091989,23.61748511,14.94472106,7.507264402,2.516929851
101,E7.P1.R2R5G6.heart,CTACTGTA,CATTGTTG,E7,P1,R2R5G6,heart,SOC,28,28,2,12,M,3/26/19,3/20/19,,14.6,NA,1.164352856,75,NA,NA,6.482068232,0.811713598,NA,NA,NA,NA,42.4,0.295459779,NA,NA,NA,NA,2.528712431
102,E7.P1.R2R5G6.heart,CTACTGTA,CATTGTTG,E7,P1,R2R5G6,heart,SOC,28,12,2,12,M,6/17/19,5/27/19,6/24/19,15.3,16.3,1.184691431,80,78,0.021,3.085073561,0.489265524,28.46334333,44.29289006,34.71902015,42.14084962,36.9,-0.036037567,-16.86580515,-11.64634888,-1.032158814,12.01674595,-3.036204967
103,F7.P1.O2P3O6.heart,CTACTGTA,TGCCACCA,F7,P1,O2P3O6,heart,OCE,32,28,2,12,M,3/28/19,3/22/19,,11.5,NA,1.06069784,75,NA,NA,3.037551212,0.482523609,NA,NA,NA,NA,42.8,0.012389168,NA,NA,NA,NA,3.216203765
104,F7.P1.O2P3O6.heart,CTACTGTA,TGCCACCA,F7,P1,O2P3O6,heart,OCE,32,12,2,12,M,5/30/19,5/23/19,6/7/19,13.4,14.2,1.127104798,78,76,0.021,1.552252393,0.190962338,NA,64.98350836,43.77838059,24.42482266,37.06,-0.308718648,NA,13.47873978,11.17524979,-2.35716472,-2.700000601
105,G7.P1.O1G2O6.heart,CTACTGTA,CTCTGCCT,G7,P1,O1G2O6,heart,OCE,32,28,2,12,M,4/2/19,3/27/19,,8.5,NA,0.929418926,67,NA,NA,2.426358914,0.384955043,NA,NA,NA,NA,42.8,-0.026769278,NA,NA,NA,NA,3.494421184
106,G7.P1.O1G2O6.heart,CTACTGTA,CTCTGCCT,G7,P1,O1G2O6,heart,OCE,32,12,2,12,M,5/30/19,5/23/19,6/7/19,6.5,9.5,0.812913357,68,68,0.057,2.173303596,0.337120399,49.08410592,89.06390106,62.87840514,26.77047331,37.3,-0.022766928,21.48045327,47.48389949,37.32090595,7.46846049,-1.820100536
107,H7.P1.O1R2G5.heart,CTACTGTA,TCTCATTC,H7,P1,O1R2G5,heart,OCE,32,12,1,28,M,4/9/19,4/2/19,,7.1,NA,0.851258349,75,NA,NA,2.134547271,0.329305777,NA,NA,NA,NA,36.8,-0.047642444,NA,NA,NA,NA,-2.37574402
108,H7.P1.O1R2G5.heart,CTACTGTA,TCTCATTC,H7,P1,O1R2G5,heart,OCE,32,28,1,28,M,6/20/19,6/4/19,6/27/19,8.9,9.5,0.949390007,68,71,0.011,4.022226638,0.604466538,26.45321486,34.08229259,23.83114105,9.752747071,42.49,0.183856455,-1.150437787,-7.497708978,-1.72635814,-9.549265749,3.147325528
111,B8.P1.O2G5R6.heart,CTACTGTA,GTATTATG,B8,P1,O2G5R6,heart,OCE,32,12,1,28,M,4/9/19,4/2/19,,6.5,NA,0.812913357,70,NA,NA,1.991800899,0.299245924,NA,NA,NA,NA,35.7,-0.060641403,NA,NA,NA,NA,-3.420100536
112,B8.P1.O2G5R6.heart,CTACTGTA,GTATTATG,B8,P1,O2G5R6,heart,OCE,32,28,1,28,M,6/20/19,6/4/19,6/27/19,7.7,8.5,0.886490725,64,66,0.007,3.674841161,0.565238572,21.54864792,32.31629168,13.20237674,NA,42.49,0.172614359,-3.448314163,-7.152057333,-10.8560519,NA,3.258612496
113,C8.P1.R3G4O6.heart,CTACTGTA,GATAGATC,C8,P1,R3G4O6,heart,SOC,28,28,2,12,M,3/28/19,3/22/19,,10.2,NA,1.008600172,70,NA,NA,3.625253398,0.559338368,NA,NA,NA,NA,42.7,0.112383819,NA,NA,NA,NA,3.236764646
114,C8.P1.R3G4O6.heart,CTACTGTA,GATAGATC,C8,P1,R3G4O6,heart,SOC,28,12,2,12,M,6/17/19,,6/24/19,11.4,11.8,1.056904851,70,74,0.02,NA,NA,NA,66.76940437,34.72058979,37.45734123,36.85,NA,NA,20.33260192,5.715228323,14.49491533,-2.724522321
115,D8.P1.O1P5R6.heart,CTACTGTA,AGCGAGCT,D8,P1,O1P5R6,heart,NOC,28,28,2,12,F,4/2/19,,,13.6,NA,1.133538908,80,NA,NA,NA,NA,NA,NA,NA,NA,42.9,NA,NA,NA,NA,NA,3.121451571
116,D8.P1.O1P5R6.heart,CTACTGTA,AGCGAGCT,D8,P1,O1P5R6,heart,NOC,28,12,2,12,F,6/17/19,5/27/19,6/24/19,15.2,16.5,1.181843588,80,86,0.02,1.807531555,0.257085888,22.15154849,41.58544725,30.75703541,31.99226205,36.26,-0.266950108,-23.6989381,-14.7761222,-5.293957665,1.549861587,-3.666931053
117,E8.P1.R1P4R5.heart,CTACTGTA,CAGTTCCG,E8,P1,R1P4R5,heart,SOC,28,28,2,12,M,3/28/19,3/22/19,,14.1,NA,1.149219113,80,NA,NA,4.855151561,0.686202792,NA,NA,NA,NA,43,0.176682452,NA,NA,NA,NA,3.175082001
118,E8.P1.R1P4R5.heart,CTACTGTA,CAGTTCCG,E8,P1,R1P4R5,heart,SOC,28,12,2,12,M,5/30/19,,6/7/19,6.2,6.5,0.792391689,88,82,0.034,NA,NA,NA,42.13524821,41.13800563,25.19911552,37.41,NA,NA,6.890204307,20.0777181,10.67155455,-1.682278794
119,F8.P1.G1P3P5.heart,CTACTGTA,TGACCTTA,F8,P1,G1P3P5,heart,SOC,28,12,2,12,F,6/17/19,5/27/19,6/24/19,18,19.9,1.255272505,78,80,0.026,2.237359038,0.349735683,43.9238756,80.61011742,38.75840208,43.5447507,36.29,-0.206971148,-10.78935891,17.06892928,-2.389430881,7.691304811,-3.896600644
120,G8.P1.R1G3O5.heart,CTACTGTA,CTAGGCAA,G8,P1,R1G3O5,heart,NOC,28,28,2,12,F,4/15/19,4/8/19,,11.9,NA,1.075546961,74,NA,NA,4.900275287,0.690220478,NA,NA,NA,NA,NA,0.213479196,NA,NA,NA,NA,NA
121,G8.P1.R1G3O5.heart,CTACTGTA,CTAGGCAA,G8,P1,R1G3O5,heart,NOC,28,12,2,12,F,6/17/19,5/27/19,6/24/19,11,11.6,1.041392685,72,75,0.019,1.413794195,0.150386194,NA,39.50110782,29.06763149,27.21944246,37.17,-0.311158776,NA,-6.513364114,0.362084134,4.575313347,-2.367426665
122,H8.P1.G2R4P5.heart,CTACTGTA,TCGAATGG,H8,P1,G2R4P5,heart,NOC,28,28,2,12,F,4/2/19,,,7.2,NA,0.857332496,66,NA,NA,NA,NA,NA,NA,NA,NA,42.5,NA,NA,NA,NA,NA,3.314982066
123,H8.P1.G2R4P5.heart,CTACTGTA,TCGAATGG,H8,P1,G2R4P5,heart,NOC,28,12,2,12,F,5/30/19,5/23/19,6/7/19,7.9,8.8,0.897627091,66,67,0.012,1.320004648,0.12057546,12.86026963,34.03409741,22.8099716,8.833151731,35.91,-0.277003673,-12.91869962,-6.06774737,-1.698178202,-9.354822325,-3.339935332
124,A9.P1.R2O3G4.heart,CTACTGTA,CTTAGTGT,A9,P1,R2O3G4,heart,SOC,28,28,2,12,F,3/26/19,,,13,NA,1.113943352,NA,NA,NA,NA,NA,NA,NA,NA,NA,42.7,NA,NA,NA,NA,NA,2.977095055
125,A9.P1.R2O3G4.heart,CTACTGTA,CTTAGTGT,A9,P1,R2O3G4,heart,SOC,28,12,2,12,F,5/30/19,5/23/19,6/7/19,17.9,17.5,1.252853031,82,82,0.022,2.381491492,0.376849034,10.72428741,64.42699683,39.76007471,28.47753822,37.18,-0.178781297,-37.73288974,5.953774821,2.210011081,-3.556346192,-2.99732673
126,B9.P1.O1R2O4.heart,CTACTGTA,TCCGACAC,B9,P1,O1R2O4,heart,NOC,28,12,1,28,F,4/3/19,,,10.8,NA,1.033423755,85,NA,NA,NA,NA,NA,NA,NA,NA,36.4,NA,NA,NA,NA,NA,-3.118878837
127,B9.P1.O1R2O4.heart,CTACTGTA,TCCGACAC,B9,P1,O1R2O4,heart,NOC,28,28,1,28,F,6/20/19,6/4/19,6/27/19,13,13.5,1.113943352,75,82,0.013,4.161598356,0.619260163,32.29614255,22.76193825,34.33781744,22.14216128,42.22,0.125435119,-5.73427235,-27.26467354,2.78403603,-3.525787336,2.497095055
128,C9.P1.G1O5P6.heart,CTACTGTA,AACAGGAA,C9,P1,G1O5P6,heart,OCE,32,12,1,28,M,3/27/19,,,11.9,NA,1.075546961,76,NA,NA,NA,NA,NA,NA,NA,NA,35.6,NA,NA,NA,NA,NA,-4.020891891
129,C9.P1.G1O5P6.heart,CTACTGTA,AACAGGAA,C9,P1,G1O5P6,heart,OCE,32,28,1,28,M,6/19/19,5/30/19,6/26/19,15,16.3,1.176091259,78,84,0.017,3.040926621,0.483005941,37.12319878,56.95904086,37.44512833,19.79227346,41.81,-0.038470663,-8.205949697,1.019801917,1.693949366,-10.33183021,1.901616775
130,D9.P1.G2R4P6.heart,CTACTGTA,GGTGAAGG,D9,P1,G2R4P6,heart,OCE,32,28,2,12,M,4/2/19,3/27/19,,16.3,NA,1.212187604,83,NA,NA,4.447238276,0.648090399,NA,NA,NA,NA,42.6,0.110553396,NA,NA,NA,NA,2.571055894
131,D9.P1.G2R4P6.heart,CTACTGTA,GGTGAAGG,D9,P1,G2R4P6,heart,OCE,32,12,2,12,M,5/30/19,5/23/19,6/7/19,16.8,17.5,1.225309282,85,85,0.031,2.073702447,0.31674644,27.81507513,49.97380441,43.63829538,35.43498222,37.73,-0.226628811,-20.64210202,-8.499417599,6.088231751,3.401097808,-2.345313676
132,E9.P1.O1P2O4.heart,CTACTGTA,CCTGTGGC,E9,P1,O1P2O4,heart,NOC,28,12,2,12,M,6/17/19,5/27/19,6/24/19,7.1,8,0.851258349,62,69,0.01,1.164041879,0.065968605,17.69305632,34.73707085,23.11156731,27.80984144,36.46,-0.310979616,-6.000560482,-3.675451886,-0.197326048,10.89505454,-2.71574402
133,F9.P1.R1O2R5.heart,CTACTGTA,TTCACAAT,F9,P1,R1O2R5,heart,OCE,32,12,1,28,M,4/9/19,,,8.8,NA,0.944482672,81,NA,NA,NA,NA,NA,NA,NA,NA,35.1,NA,NA,NA,NA,NA,-4.233400558
134,F9.P1.R1O2R5.heart,CTACTGTA,TTCACAAT,F9,P1,R1O2R5,heart,OCE,32,28,1,28,M,6/19/19,5/30/19,6/26/19,10.4,13.6,1.017033339,72,79,0.012,2.498170872,0.39762214,25.92502369,41.85769793,23.98144704,10.4527518,42.32,-0.05308459,-12.36606027,-8.380079114,-7.722241425,-15.37434521,2.838216819
135,G9.P1.G2G3O5.heart,CTACTGTA,ACACGAGT,G9,P1,G2G3O5,heart,SOC,28,28,2,12,,4/2/19,,,7.5,NA,0.875061263,67,NA,NA,NA,NA,NA,NA,NA,NA,42.4,NA,NA,NA,NA,NA,3.187160324
136,G9.P1.G2G3O5.heart,CTACTGTA,ACACGAGT,G9,P1,G2G3O5,heart,SOC,28,12,2,12,M,6/17/19,,6/24/19,9,10.3,0.954242509,69,70,0.009,NA,NA,23.01519739,42.11232579,27.69671893,36.12674193,36.15,NA,-6.673807707,-1.156997822,0.939963296,15.55154195,-3.201948386
137,H9.P1.G1O2R4.heart,CTACTGTA,GTGTAGAC,H9,P1,G1O2R4,heart,SOC,28,28,2,12,M,4/15/19,4/8/19,,13.3,NA,1.123851641,84,NA,NA,4.374131199,0.640891805,NA,NA,NA,NA,NA,0.142658251,NA,NA,NA,NA,NA
138,H9.P1.G1O2R4.heart,CTACTGTA,GTGTAGAC,H9,P1,G1O2R4,heart,SOC,28,12,2,12,M,5/30/19,5/23/19,6/7/19,13.9,14.5,1.1430148,78,78,0.023,1.941205323,0.288071474,19.5711885,52.64704229,39.06056545,31.59565901,36.91,-0.218688372,-21.06591696,0.508777946,6.007713485,4.336226445,-2.896370171
139,A10.P1.O3O4G6.heart,CTACTGTA,GTTAATTG,A10,P1,O3O4G6,heart,OCE,32,28,2,12,M,4/2/19,3/27/19,,15.7,NA,1.195899652,79,NA,NA,3.526032113,0.547286263,NA,NA,NA,NA,42.2,0.016996282,NA,NA,NA,NA,2.226699377
140,A10.P1.O3O4G6.heart,CTACTGTA,GTTAATTG,A10,P1,O3O4G6,heart,OCE,32,12,2,12,M,6/17/19,5/27/19,6/24/19,15.9,17.2,1.201397124,73,83,0.023,2.014759211,0.30422315,32.89584875,48.74238219,39.13793714,46.84318594,37.02,-0.228512829,-14.77932123,-9.097344053,2.037594677,15.28674671,-2.971848451
141,B10.P1.R1R2R4.heart,CTACTGTA,ACCGGCCA,B10,P1,R1R2R4,heart,NOC,28,12,2,12,F,6/17/19,5/27/19,6/24/19,9.6,10.4,0.982271233,65,72,0.019,0.535485816,-0.271252028,38.23355071,57.60437242,35.22015794,45.39867558,36.4,-0.706492003,8.283876556,14.12388355,8.31349525,24.66432721,-3.00759187
142,C10.P1.R1O2O5.heart,CTACTGTA,GGAGTACT,C10,P1,R1O2O5,heart,NOC,28,12,1,28,F,3/27/19,,,6.1,NA,0.785329835,63,NA,NA,NA,NA,NA,NA,NA,NA,35.8,NA,NA,NA,NA,NA,-3.28300488
143,C10.P1.R1O2O5.heart,CTACTGTA,GGAGTACT,C10,P1,R1O2O5,heart,NOC,28,28,1,28,F,6/20/19,6/4/19,6/27/19,8.1,8.7,0.908485019,70,69,0.008,1.846788753,0.266417221,22.98948566,33.28371142,11.61643373,5.348967167,42.73,-0.135992946,-2.528814536,-6.606968104,-12.74180902,-12.67985849,3.46151684
144,D10.P1.P2G3P6.heart,CTACTGTA,AAGACGTC,D10,P1,P2G3P6,heart,NOC,28,12,1,28,M,3/25/19,,,5.2,NA,0.716003344,70,NA,NA,NA,NA,NA,NA,NA,NA,34.9,NA,NA,NA,NA,NA,-4.099539654
145,D10.P1.P2G3P6.heart,CTACTGTA,AAGACGTC,D10,P1,P2G3P6,heart,NOC,28,28,1,28,M,6/21/19,6/5/19,6/28/19,7.7,9.2,0.886490725,65,72,0.012,2.931779787,0.467131346,26.87287254,47.43718975,11.85598045,10.45153002,42.65,0.074507133,0.051227062,6.490683948,-13.25179757,-8.373037615,3.418612496
146,E10.P1.R1G2R5.heart,CTACTGTA,GTCTCGCA,E10,P1,R1G2R5,heart,OCE,32,12,2,12,M,5/30/19,,6/7/19,8,9.1,0.903089987,NA,75,0.017,NA,NA,12.17153062,54.04370008,30.62635919,59.62911778,35.77,NA,-14.3894458,13.30835953,5.668488222,40.96369854,-3.489209246
147,F10.P1.G3P4O5.heart,CTACTGTA,ACTCTATG,F10,P1,G3P4O5,heart,OCE,32,12,2,12,M,6/17/19,5/27/19,6/24/19,17,18.4,1.230448921,83,93,0.025,1.494341001,0.174449713,57.14045469,59.95550335,32.22987967,36.58846118,36.89,-0.371212325,6.33725603,-0.418205959,-6.669347459,3.122241214,-3.203861504
148,G10.P1.R1P3O4.heart,CTACTGTA,GCGCCTGT,G10,P1,R1P3O4,heart,SOC,28,28,2,12,F,4/15/19,4/8/19,,13.1,NA,1.117271296,79,NA,NA,5.688240673,0.754977963,NA,NA,NA,NA,NA,0.259672212,NA,NA,NA,NA,NA
149,G10.P1.R1P3O4.heart,CTACTGTA,GCGCCTGT,G10,P1,R1P3O4,heart,SOC,28,12,2,12,F,5/30/19,5/23/19,6/7/19,12.5,12.3,1.096910013,77,78,0.015,1.89331815,0.277223598,15.89306492,55.88286559,24.49742681,3.854334246,37.16,-0.209022778,-19.0093213,8.390236867,-5.257469934,-19.90383363,-2.516535375
150,H10.P1.P2G4P5.heart,CTACTGTA,ATATTCAC,H10,P1,P2G4P5,heart,NOC,28,12,1,28,M,4/3/19,,,6.5,NA,0.812913357,71,NA,NA,NA,NA,NA,NA,NA,NA,36,NA,NA,NA,NA,NA,-3.120100536
151,H10.P1.P2G4P5.heart,CTACTGTA,ATATTCAC,H10,P1,P2G4P5,heart,NOC,28,28,1,28,M,6/21/19,6/5/19,6/28/19,8.3,9.9,0.919078092,62,70,0.01,3.377597127,0.528607847,24.22986804,40.41900833,18.20914163,8.507436753,42.5,0.121484488,-4.416460832,-2.00565426,-7.947985782,-11.43116965,3.212969012
152,A11.P1.R1P2R3.heart,CTACTGTA,CTACAGTT,A11,P1,R1P2R3,heart,OCE,32,28,2,12,M,4/2/19,,,7.6,NA,0.880813592,67,NA,NA,NA,NA,NA,NA,NA,NA,42.9,NA,NA,NA,NA,NA,3.67788641
153,A11.P1.R1P2R3.heart,CTACTGTA,CTACAGTT,A11,P1,R1P2R3,heart,OCE,32,12,2,12,M,6/17/19,5/27/19,6/24/19,8.5,9.2,0.929418926,66,71,0.01,1.020511407,0.008817864,NA,35.8057987,23.64707501,25.87876936,35.99,-0.402906457,NA,-5.140707102,-1.460703014,7.054201725,-3.315578816
154,B11.P1.G3O4G6.heart,CTACTGTA,TCGTGACC,B11,P1,G3O4G6,heart,SOC,28,28,2,12,F,4/15/19,4/8/19,,6.7,NA,0.826074803,62,NA,NA,2.940364879,0.468401227,NA,NA,NA,NA,NA,0.102657958,NA,NA,NA,NA,NA
155,B11.P1.G3O4G6.heart,CTACTGTA,TCGTGACC,B11,P1,G3O4G6,heart,SOC,28,12,2,12,F,6/18/19,5/27/19,6/25/19,6.9,7.6,0.838849091,61,64,0.011,1.019315202,0.008308501,40.01276452,24.53293826,13.99019863,16.78953616,36.98,-0.36311845,17.36182394,-13.03492345,-8.719066506,0.511342843,-2.177196192
156,C11.P1.O1G2P3.heart,CTACTGTA,GGAAGCAG,C11,P1,O1G2P3,heart,SOC,28,12,1,12,M,,,6/25/19,NA,10.5,NA,NA,70,0.012,NA,NA,48.08069465,48.7736061,29.18540881,25.79284032,NA,NA,17.87035144,5.081951977,2.128839065,4.899343551,NA
157,D11.P1.O1R2G6.heart,CTACTGTA,AAGGATGA,D11,P1,O1R2G6,heart,OCE,32,28,2,12,F,4/15/19,4/8/19,,11.9,NA,1.075546961,74,NA,NA,3.700705323,0.568284505,NA,NA,NA,NA,NA,0.091543223,NA,NA,NA,NA,NA
158,D11.P1.O1R2G6.heart,CTACTGTA,AAGGATGA,D11,P1,O1R2G6,heart,OCE,32,12,2,12,F,5/30/19,5/23/19,6/7/19,11.1,10.8,1.045322979,75,72,0.012,1.483874918,0.171397294,16.71932677,41.18437619,26.88345476,18.27042743,36.71,-0.291896387,-14.27302361,-3.1407737,-0.622836152,-3.100514524,-2.836700579
159,E11.P1.O2R4G5.heart,CTACTGTA,TATAACCT,E11,P1,O2R4G5,heart,NOC,28,28,2,12,M,4/2/19,,,7,NA,0.84509804,65,NA,NA,NA,NA,NA,NA,NA,NA,42.2,NA,NA,NA,NA,NA,3.033529894
160,E11.P1.O2R4G5.heart,CTACTGTA,TATAACCT,E11,P1,O2R4G5,heart,NOC,28,12,2,12,M,6/17/19,5/27/19,6/24/19,6,6.2,0.77815125,64,67,0.008,0.531819815,-0.274235485,NA,19.66228514,17.15926625,22.82937988,36.65,-0.618656057,NA,-14.949263,-3.451300109,8.779264092,-2.423730966
161,F11.P1.G2G4R5.heart,CTACTGTA,CGCGGTTC,F11,P1,G2G4R5,heart,SOC,28,12,2,12,M,6/17/19,5/27/19,6/24/19,17.3,19.7,1.238046103,81,83,0.021,2.044472297,0.31058123,65.05816255,55.11068225,39.99301589,49.34245087,36.84,-0.238461033,10.86626616,-8.008175381,-0.85500296,13.80730177,-3.281683246
162,G11.P1.G2P4R6.heart,CTACTGTA,TTGGTGAG,G11,P1,G2P4R6,heart,OCE,32,28,2,12,F,3/28/19,3/22/19,,8.4,NA,0.924279286,70,NA,NA,3.554925363,0.550830487,NA,NA,NA,NA,42.4,0.141392954,NA,NA,NA,NA,3.103695098
163,G11.P1.G2P4R6.heart,CTACTGTA,TTGGTGAG,G11,P1,G2P4R6,heart,OCE,32,12,2,12,F,6/17/19,5/27/19,6/24/19,10,9.7,1,73,74,0.011,1.504124055,0.177283657,11.00120395,35.79672475,21.6107569,27.03433497,35.69,-0.265844405,-17.12378681,-6.205607329,-4.246556401,7.41402536,-3.754687526
164,H11.P1.O2R5R6.heart,CTACTGTA,CCAACAGA,H11,P1,O2R5R6,heart,OCE,32,12,1,28,M,4/9/19,4/2/19,,7.2,NA,0.857332496,75,NA,NA,2.803372956,0.447680879,NA,NA,NA,NA,36.4,0.068030079,NA,NA,NA,NA,-2.785017934
165,H11.P1.O2R5R6.heart,CTACTGTA,CCAACAGA,H11,P1,O2R5R6,heart,OCE,32,28,1,28,M,6/21/19,6/5/19,6/28/19,8.3,9.1,0.919078092,65,67,0.009,4.087850364,0.61149499,43.19043799,39.49171636,19.45932701,21.37463412,42.06,0.204371631,16.62946157,-1.243624186,-5.498543958,2.70921488,2.772969012
166,A12.P1.G4R5R6.heart,CTACTGTA,GTGCGATA,A12,P1,G4R5R6,heart,NOC,28,28,2,12,F,4/15/19,4/8/19,,10.7,NA,1.029383778,74,NA,NA,5.984734296,0.777044874,NA,NA,NA,NA,NA,0.320843045,NA,NA,NA,NA,NA
167,A12.P1.G4R5R6.heart,CTACTGTA,GTGCGATA,A12,P1,G4R5R6,heart,NOC,28,12,2,12,F,6/17/19,,6/24/19,11.5,13.2,1.06069784,73,77,0.011,NA,NA,NA,35.79116807,28.73692366,20.47694576,36.95,NA,NA,-13.60194795,-2.367136583,-4.713557671,-2.633796235
168,B12.P1.O4O5R6.heart,CTACTGTA,ACATAGCG,B12,P1,O4O5R6,heart,OCE,32,12,1,28,F,4/9/19,4/2/19,,15.9,NA,1.201397124,95,NA,NA,3.458119806,0.538840035,NA,NA,NA,NA,36.4,0.006104056,NA,NA,NA,NA,-3.591848451
169,B12.P1.O4O5R6.heart,CTACTGTA,ACATAGCG,B12,P1,O4O5R6,heart,OCE,32,28,1,28,F,6/21/19,6/5/19,6/28/19,15.7,15.5,1.195899652,84,86,0.02,5.566058249,0.745547747,47.207017,61.91235077,39.88696967,31.1358075,42.35,0.215257766,3.963220973,7.662433871,5.33504715,2.284890986,2.376699377
170,C12.P1.P1R4P5.heart,CTACTGTA,GAACATAC,C12,P1,P1R4P5,heart,SOC,28,28,2,12,F,3/26/19,3/20/19,,11,NA,1.041392685,77,NA,NA,3.228926371,0.509058142,NA,NA,NA,NA,41.8,0.047513172,NA,NA,NA,NA,2.262573335
171,C12.P1.P1R4P5.heart,CTACTGTA,GAACATAC,C12,P1,P1R4P5,heart,SOC,28,12,2,12,F,6/17/19,5/27/19,6/24/19,11.5,13.5,1.06069784,76,81,0.018,1.91962467,0.283216323,11.28769973,39.8845887,30.43793111,36.70784407,36.37,-0.186918118,-26.74271517,-10.14202309,-1.1158503,11.03989545,-3.213796235
172,D12.P1.O1G3G4.heart,CTACTGTA,AGGTGCGT,D12,P1,O1G3G4,heart,OCE,32,28,2,12,M,4/2/19,3/27/19,,12.5,NA,1.096910013,78,NA,NA,3.461949987,0.53932079,NA,NA,NA,NA,42.2,0.053074414,NA,NA,NA,NA,2.523464625
173,D12.P1.O1G3G4.heart,CTACTGTA,AGGTGCGT,D12,P1,O1G3G4,heart,OCE,32,12,2,12,M,6/18/19,5/27/19,6/25/19,13.4,14.6,1.127104798,79,81,0.013,1.491314137,0.173569135,50.943343,32.25592867,27.29371432,19.55306848,36.69,-0.326111851,10.04556848,-20.09350093,-5.9090447,-7.86551248,-3.070000601
174,E12.P1.P2G3R5.heart,CTACTGTA,TATGAGTA,E12,P1,P2G3R5,heart,SOC,28,12,2,12,F,6/17/19,5/27/19,6/24/19,8.6,9.4,0.934498451,65,69,0.013,1.209864207,0.082736629,19.66853426,31.04050931,25.12573791,29.43462243,36.68,-0.331247732,-7.67444933,-10.328327,-0.281854225,10.291758,-2.63485273
175,F12.P1.R3O5G6.heart,CTACTGTA,CGCAGACG,F12,P1,R3O5G6,heart,OCE,32,28,2,12,M,3/26/19,3/20/19,,7.6,NA,0.880813592,64,NA,NA,1.852918796,0.267856387,NA,NA,NA,NA,42.2,-0.122241891,NA,NA,NA,NA,2.97788641
176,F12.P1.R3O5G6.heart,CTACTGTA,CGCAGACG,F12,P1,R3O5G6,heart,OCE,32,12,2,12,M,5/30/19,5/23/19,6/7/19,8.7,8.5,0.939519253,64,64,0.009,1.147873071,0.059893867,19.83492832,39.22621652,25.34764391,7.578869111,37.78,-0.356324407,-5.162033763,-0.242132493,1.289215275,-10.13165976,-1.544126644
177,G12.P1.O1P2R4.heart,CTACTGTA,GATATCGA,G12,P1,O1P2R4,heart,NOC,28,28,2,12,F,3/28/19,,,6,NA,0.77815125,NA,NA,NA,NA,NA,NA,NA,NA,NA,42.9,NA,NA,NA,NA,NA,3.826269034
178,G12.P1.O1P2R4.heart,CTACTGTA,GATATCGA,G12,P1,O1P2R4,heart,NOC,28,12,2,12,F,5/30/19,5/23/19,6/7/19,6.8,6.8,0.832508913,62,63,NA,1.065551373,0.027574393,9.568071329,30.20125251,20.19034688,1.187153865,37.57,-0.341031614,-10.9975168,-5.677287159,-1.319661812,-13.81785229,-1.577922278
179,H12.P1.O3G4O6.heart,CTACTGTA,AGCGCTAG,H12,P1,O3G4O6,heart,NOC,28,12,2,12,F,6/18/19,5/27/19,6/25/19,8.2,9.8,0.913813852,67,68,0.008,1.231800517,0.090540382,40.69257288,21.148506,20.8670973,19.17765013,37.19,-0.314240751,12.30691306,-21.06499133,-5.140123057,-0.601807875,-2.087757074
180,A1.P2.P3O5O6.heart,ATGACTCG,AACCGCGG,A1,P2,P3O5O6,heart,OCE,32,28,2,12,M,3/26/19,3/20/19,,8.2,NA,0.913813852,66,NA,NA,4.598866196,0.662650774,NA,NA,NA,NA,42.6,0.257869641,NA,NA,NA,NA,3.322242926
181,A1.P2.P3O5O6.heart,ATGACTCG,AACCGCGG,A1,P2,P3O5O6,heart,OCE,32,12,2,12,M,5/30/19,5/23/19,6/7/19,8.9,9.6,0.949390007,67,66,0.012,1.537253858,0.186745592,22.00539783,38.44702853,22.85620313,NA,37.66,-0.233864491,-5.858923873,-3.344138294,-2.851203116,NA,-1.682674472
182,B1.P2.P1R2R6.heart,ATGACTCG,GGTTATAA,B1,P2,P1R2R6,heart,NOC,28,28,2,,M,4/2/19,3/27/19,,7.5,NA,0.875061263,68,NA,NA,3.302373313,0.518826166,NA,NA,NA,NA,42.7,0.13128728,NA,NA,NA,NA,3.487160324
183,B1.P2.P1R2R6.heart,ATGACTCG,GGTTATAA,B1,P2,P1R2R6,heart,NOC,28,12,2,,M,5/30/19,5/23/19,,8.3,NA,0.919078092,70,NA,NA,1.735490626,0.239422272,NA,NA,NA,NA,37.51,-0.167701087,NA,NA,NA,NA,-1.777030988
184,C1.P2.G1G2G6.heart,ATGACTCG,CCAAGTCC,C1,P2,G1G2G6,heart,NOC,28,28,2,12,M,4/15/19,4/8/19,,8,NA,0.903089987,67,NA,NA,4.762085496,0.677797188,NA,NA,NA,NA,NA,0.277787441,NA,NA,NA,NA,NA
185,C1.P2.G1G2G6.heart,ATGACTCG,CCAAGTCC,C1,P2,G1G2G6,heart,NOC,28,12,2,12,M,6/18/19,5/27/19,6/25/19,8.2,9.3,0.913813852,65,67,0.009,0.999970788,-1.27E-05,33.96387695,26.31644339,19.3604049,NA,36.14,-0.404793819,6.881562416,-14.84122767,-5.897280179,NA,-3.137757074
186,D1.P2.R1O2P5.heart,ATGACTCG,TTGGACTT,D1,P2,R1O2P5,heart,SOC,28,28,2,12,M,4/2/19,,,5.8,NA,0.763427994,59,NA,NA,NA,NA,NA,NA,NA,NA,42.3,NA,NA,NA,NA,NA,3.244816862
187,D1.P2.R1O2P5.heart,ATGACTCG,TTGGACTT,D1,P2,R1O2P5,heart,SOC,28,12,2,12,M,5/30/19,5/23/19,6/7/19,6.1,6.1,0.785329835,61,61,0.019,1.001244896,0.000540315,21.57938912,42.32233098,23.26825515,14.47020963,37.84,-0.347074235,2.838484389,7.921948099,2.807595846,0.579242236,-1.24300488
188,E1.P2.O1G2G5.heart,ATGACTCG,CAGTGGAT,E1,P2,O1G2G5,heart,NOC,28,28,2,12,M,3/26/19,,,4,NA,0.602059991,NA,NA,NA,NA,NA,NA,NA,NA,NA,42.7,NA,NA,NA,NA,NA,3.811747313
189,E1.P2.O1G2G5.heart,ATGACTCG,CAGTGGAT,E1,P2,O1G2G5,heart,NOC,28,12,2,12,M,5/30/19,5/23/19,6/7/19,7.7,7.9,0.886490725,64,66,0.01,1.870174662,0.271882169,13.54928292,35.09606679,20.31850748,14.30799669,37.48,-0.120742044,-9.883664825,-3.10529069,-2.840478823,-2.447641812,-1.751387504
190,F1.P2.O2P4P5.heart,ATGACTCG,TGACAAGC,F1,P2,O2P4P5,heart,NOC,28,28,2,12,F,4/2/19,3/27/19,,17.8,NA,1.250420002,88,NA,NA,1.917153246,0.282656829,NA,NA,NA,NA,42.7,-0.271890971,NA,NA,NA,NA,2.531947184
191,F1.P2.O2P4P5.heart,ATGACTCG,TGACAAGC,F1,P2,O2P4P5,heart,NOC,28,12,2,12,F,6/18/19,5/27/19,6/25/19,20.3,21.9,1.307496038,82,86,0.026,3.14999139,0.498309367,78.73334658,68.17590594,36.66109497,34.6028587,36.81,-0.081633357,18.80673095,0.411412688,-7.484879101,-4.433555087,-3.589900666
192,G1.P2.R1R4R6.heart,ATGACTCG,CTAGCTTG,G1,P2,R1R4R6,heart,SOC,28,28,2,12,M,4/15/19,4/8/19,,13.2,NA,1.120573931,82,NA,NA,2.980565743,0.474298706,NA,NA,NA,NA,NA,-0.022476491,NA,NA,NA,NA,NA
193,G1.P2.R1R4R6.heart,ATGACTCG,CTAGCTTG,G1,P2,R1R4R6,heart,SOC,28,12,2,12,M,6/18/19,5/27/19,6/25/19,14.4,16.1,1.158362492,78,80,0.02,1.427414988,0.154550253,53.9649166,43.77576916,30.61686628,31.80505501,36.44,-0.359038264,9.157106235,-11.74113927,-4.834498573,1.999248127,-3.412739741
194,H1.P2.G3G4R5.heart,ATGACTCG,TCGATCCA,H1,P2,G3G4R5,heart,SOC,28,12,1,12,M,,,6/25/19,NA,4.6,NA,NA,58,0.007,NA,NA,36.48945859,18.23681366,17.13275513,15.797371,NA,NA,21.6585897,-12.99609039,-1.079298341,4.29362953,NA
195,H1.P2.G3G4R5.heart,ATGACTCG,TCGATCCA,H1,P2,G3G4R5,heart,NOC,28,28,2,12,M,4/2/19,,,4.2,NA,0.62324929,59,NA,NA,NA,NA,NA,NA,NA,NA,42,NA,NA,NA,NA,NA,3.093199485
196,A2.P2.G1R4O6.heart,ATGACTCG,CCTGAACT,A2,P2,G1R4O6,heart,SOC,28,28,2,12,M,3/26/19,,,11,NA,1.041392685,NA,NA,NA,NA,NA,NA,NA,NA,NA,42.5,NA,NA,NA,NA,NA,2.962573335
197,A2.P2.G1R4O6.heart,ATGACTCG,CCTGAACT,A2,P2,G1R4O6,heart,SOC,28,12,2,12,M,5/30/19,5/23/19,6/7/19,13.3,13.4,1.123851641,80,75,NA,1.745106476,0.24182193,26.86914761,112.5504194,39.19117617,30.33147412,37.33,-0.256411624,-10.90059823,62.73497287,7.787301816,4.822673899,-2.420726687
198,B2.P2.O1R4G5.heart,ATGACTCG,TTCAGGTC,B2,P2,O1R4G5,heart,NOC,28,12,2,12,F,5/30/19,5/23/19,6/7/19,9.5,10.4,0.977723605,68,71,0.016,1.205729838,0.081250008,21.61569382,49.4199796,34.63758917,29.34295244,37.57,-0.351966585,-8.333980334,5.939490732,7.73092648,8.608604066,-1.828317956
199,C2.P2.O2O3G5.heart,ATGACTCG,AGTAGAGA,C2,P2,O2O3G5,heart,NOC,28,28,2,12,F,3/26/19,,,6.6,NA,0.819543936,64,NA,NA,NA,NA,NA,NA,NA,NA,42.3,NA,NA,NA,NA,NA,3.17062555
200,C2.P2.O2O3G5.heart,ATGACTCG,AGTAGAGA,C2,P2,O2O3G5,heart,NOC,28,12,2,12,F,5/30/19,5/23/19,6/7/19,7.5,7.6,0.875061263,66,62,NA,1.042833114,0.018214813,11.09389209,32.67388021,17.57600901,NA,37.94,-0.369324073,-11.55704849,-4.893981504,-5.133256126,NA,-1.272839676
201,D2.P2.R2P3G4.heart,ATGACTCG,GACGAGAG,D2,P2,R2P3G4,heart,NOC,28,12,1,28,M,3/27/19,,,2.4,NA,0.380211242,46,NA,NA,NA,NA,NA,NA,NA,NA,35.3,NA,NA,NA,NA,NA,-3.439870063
202,D2.P2.R2P3G4.heart,ATGACTCG,GACGAGAG,D2,P2,R2P3G4,heart,NOC,28,28,1,28,M,6/21/19,6/5/19,6/28/19,4.1,4.6,0.612783857,53,57,0.004,3.284258706,0.51643736,12.28611211,31.24929415,NA,NA,42.58,0.245593945,-2.544756776,0.016390102,NA,NA,3.682473399
203,E2.P2.P3O4R6.heart,ATGACTCG,AGACTTGG,E2,P2,P3O4R6,heart,NOC,28,28,2,12,F,4/15/19,4/8/19,,9.2,NA,0.963787827,69,NA,NA,5.126731714,0.709840591,NA,NA,NA,NA,NA,0.282824465,NA,NA,NA,NA,NA
204,E2.P2.P3O4R6.heart,ATGACTCG,AGACTTGG,E2,P2,P3O4R6,heart,NOC,28,12,2,12,F,6/18/19,5/27/19,6/25/19,10.2,11.6,1.008600172,69,72,0.017,1.097931436,0.04057522,64.11222731,53.66425397,34.31766227,32.90265447,36.3,-0.406379329,31.03452448,7.649782036,5.612114914,10.25852536,-3.163235354
205,F2.P2.R1O2P6.heart,ATGACTCG,GAGTCCAA,F2,P2,R1O2P6,heart,SOC,28,12,1,28,F,3/28/19,3/21/19,,16.4,NA,1.214843848,94,NA,NA,3.395664493,0.530924773,NA,NA,NA,NA,36.1,-0.007794077,NA,NA,NA,NA,-3.93821802
206,F2.P2.R1O2P6.heart,ATGACTCG,GAGTCCAA,F2,P2,R1O2P6,heart,SOC,28,28,1,28,F,6/21/19,6/5/19,6/28/19,16.4,19.1,1.214843848,80,84,0.021,6.7325876,0.828182013,52.56140248,84.54722034,54.07390745,43.93015278,42.66,0.289463163,-0.066479575,22.69535424,14.12533093,9.34989405,2.62178198
207,G2.P2.G2P4R6.brain,ATGACTCG,CTTAAGCC,G2,P2,G2P4R6,brain,OCE,32,28,2,12,F,3/28/19,3/22/19,,8.4,NA,0.924279286,70,NA,NA,3.554925363,0.550830487,NA,NA,NA,NA,42.4,0.141392954,NA,NA,NA,NA,3.103695098
208,G2.P2.G2P4R6.brain,ATGACTCG,CTTAAGCC,G2,P2,G2P4R6,brain,OCE,32,12,2,12,F,6/17/19,5/27/19,6/24/19,10,9.7,1,73,74,0.011,1.504124055,0.177283657,11.00120395,35.79672475,21.6107569,27.03433497,35.69,-0.265844405,-17.12378681,-6.205607329,-4.246556401,7.41402536,-3.754687526
209,H2.P2.G1P3P5.brain,ATGACTCG,TCCGGATT,H2,P2,G1P3P5,brain,SOC,28,12,2,12,F,6/17/19,5/27/19,6/24/19,18,19.9,1.255272505,78,80,0.026,2.237359038,0.349735683,43.9238756,80.61011742,38.75840208,43.5447507,36.29,-0.206971148,-10.78935891,17.06892928,-2.389430881,7.691304811,-3.896600644
210,A3.P2.R1P3O4.brain,ATGACTCG,CTGTATTA,A3,P2,R1P3O4,brain,SOC,28,28,2,12,F,4/15/19,4/8/19,,13.1,NA,1.117271296,79,NA,NA,5.688240673,0.754977963,NA,NA,NA,NA,NA,0.259672212,NA,NA,NA,NA,NA
211,A3.P2.R1P3O4.brain,ATGACTCG,CTGTATTA,A3,P2,R1P3O4,brain,SOC,28,12,2,12,F,5/30/19,5/23/19,6/7/19,12.5,12.3,1.096910013,77,78,0.015,1.89331815,0.277223598,15.89306492,55.88286559,24.49742681,3.854334246,37.16,-0.209022778,-19.0093213,8.390236867,-5.257469934,-19.90383363,-2.516535375
212,B3.P2.O2P4P5.brain,ATGACTCG,TCACGCCG,B3,P2,O2P4P5,brain,NOC,28,28,2,12,F,4/2/19,3/27/19,,17.8,NA,1.250420002,88,NA,NA,1.917153246,0.282656829,NA,NA,NA,NA,42.7,-0.271890971,NA,NA,NA,NA,2.531947184
213,B3.P2.O2P4P5.brain,ATGACTCG,TCACGCCG,B3,P2,O2P4P5,brain,NOC,28,12,2,12,F,6/18/19,5/27/19,6/25/19,20.3,21.9,1.307496038,82,86,0.026,3.14999139,0.498309367,78.73334658,68.17590594,36.66109497,34.6028587,36.81,-0.081633357,18.80673095,0.411412688,-7.484879101,-4.433555087,-3.589900666
214,C3.P2.O1R4G5.brain,ATGACTCG,ACTTACAT,C3,P2,O1R4G5,brain,NOC,28,12,2,12,F,5/30/19,5/23/19,6/7/19,9.5,10.4,0.977723605,68,71,0.016,1.205729838,0.081250008,21.61569382,49.4199796,34.63758917,29.34295244,37.57,-0.351966585,-8.333980334,5.939490732,7.73092648,8.608604066,-1.828317956
215,D3.P2.G2R4P5.brain,ATGACTCG,GTCCGTGC,D3,P2,G2R4P5,brain,NOC,28,28,2,12,F,4/2/19,,,7.2,NA,0.857332496,66,NA,NA,NA,NA,NA,NA,NA,NA,42.5,NA,NA,NA,NA,NA,3.314982066
216,D3.P2.G2R4P5.brain,ATGACTCG,GTCCGTGC,D3,P2,G2R4P5,brain,NOC,28,12,2,12,F,5/30/19,5/23/19,6/7/19,7.9,8.8,0.897627091,66,67,0.012,1.320004648,0.12057546,12.86026963,34.03409741,22.8099716,8.833151731,35.91,-0.277003673,-12.91869962,-6.06774737,-1.698178202,-9.354822325,-3.339935332
217,E3.P2.G2R4P6.brain,ATGACTCG,AAGGTACC,E3,P2,G2R4P6,brain,OCE,32,28,2,12,M,4/2/19,3/27/19,,16.3,NA,1.212187604,83,NA,NA,4.447238276,0.648090399,NA,NA,NA,NA,42.6,0.110553396,NA,NA,NA,NA,2.571055894
218,E3.P2.G2R4P6.brain,ATGACTCG,AAGGTACC,E3,P2,G2R4P6,brain,OCE,32,12,2,12,M,5/30/19,5/23/19,6/7/19,16.8,17.5,1.225309282,85,85,0.031,2.073702447,0.31674644,27.81507513,49.97380441,43.63829538,35.43498222,37.73,-0.226628811,-20.64210202,-8.499417599,6.088231751,3.401097808,-2.345313676
219,F3.P2.O3G4O6.brain,ATGACTCG,GGAACGTT,F3,P2,O3G4O6,brain,NOC,28,12,2,12,F,6/18/19,5/27/19,6/25/19,8.2,9.8,0.913813852,67,68,0.008,1.231800517,0.090540382,40.69257288,21.148506,20.8670973,19.17765013,37.19,-0.314240751,12.30691306,-21.06499133,-5.140123057,-0.601807875,-2.087757074
220,G3.P2.G2G4R5.brain,ATGACTCG,AATTCTGC,G3,P2,G2G4R5,brain,SOC,28,12,2,12,M,6/17/19,5/27/19,6/24/19,17.3,19.7,1.238046103,81,83,0.021,2.044472297,0.31058123,65.05816255,55.11068225,39.99301589,49.34245087,36.84,-0.238461033,10.86626616,-8.008175381,-0.85500296,13.80730177,-3.281683246
221,H3.P2.O3O4R6.brain,ATGACTCG,GGCCTCAT,H3,P2,O3O4R6,brain,OCE,32,28,2,12,F,4/15/19,4/8/19,,12.3,NA,1.089905111,82,NA,NA,6.91947574,0.840073191,NA,NA,NA,NA,NA,0.356943516,NA,NA,NA,NA,NA
222,H3.P2.O3O4R6.brain,ATGACTCG,GGCCTCAT,H3,P2,O3O4R6,brain,OCE,32,12,2,12,F,6/18/19,5/27/19,6/25/19,13.9,15.5,1.1430148,80,83,0.023,2.729414688,0.436069524,69.07093029,47.23646828,39.18407193,36.48875244,37.33,-0.070690322,25.82713426,-7.013448619,4.63214941,7.637835926,-2.476370171
223,A4.P2.P1G5P6.brain,ATGACTCG,ATCTTAGT,A4,P2,P1G5P6,brain,SOC,28,28,2,12,F,3/26/19,,,14.4,NA,1.158362492,81,NA,NA,NA,NA,NA,NA,NA,NA,42.1,NA,NA,NA,NA,NA,2.247260259
224,A4.P2.P1G5P6.brain,ATGACTCG,ATCTTAGT,A4,P2,P1G5P6,brain,SOC,28,12,2,12,F,6/18/19,5/27/19,6/25/19,15,16.5,1.176091259,70,81,0.024,2.068418076,0.315638324,64.3444067,58.97505928,35.21763449,58.36989093,36.1,-0.20583828,18.49392011,2.613489826,-0.833358585,27.92749047,-3.808383225
225,B4.P2.O1R4P5.brain,ATGACTCG,GCTCCGAC,B4,P2,O1R4P5,brain,SOC,28,28,2,12,F,4/15/19,4/8/19,,10.1,NA,1.004321374,71,NA,NA,5.703040828,0.756106481,NA,NA,NA,NA,NA,0.311055704,NA,NA,NA,NA,NA
226,B4.P2.O1R4P5.brain,ATGACTCG,GCTCCGAC,B4,P2,O1R4P5,brain,SOC,28,12,2,12,F,6/17/19,,6/24/19,10.7,12.4,1.029383778,69,74,0.018,NA,NA,7.042778097,43.74704841,31.3695907,37.87773348,36.15,NA,-28.12027718,-3.956745568,1.4647869,13.96041721,-3.359604923
227,C4.P2.R1G2R5.brain,ATGACTCG,ATACCAAG,C4,P2,R1G2R5,brain,OCE,32,12,2,12,M,5/30/19,,6/7/19,8,9.1,0.903089987,NA,75,0.017,NA,NA,12.17153062,54.04370008,30.62635919,59.62911778,35.77,NA,-14.3894458,13.30835953,5.668488222,40.96369854,-3.489209246
228,D4.P2.O1P2R4.brain,ATGACTCG,GCGTTGGA,D4,P2,O1P2R4,brain,NOC,28,28,2,12,F,3/28/19,,,6,NA,0.77815125,NA,NA,NA,NA,NA,NA,NA,NA,NA,42.9,NA,NA,NA,NA,NA,3.826269034
229,D4.P2.O1P2R4.brain,ATGACTCG,GCGTTGGA,D4,P2,O1P2R4,brain,NOC,28,12,2,12,F,5/30/19,5/23/19,6/7/19,6.8,6.8,0.832508913,62,63,NA,1.065551373,0.027574393,9.568071329,30.20125251,20.19034688,1.187153865,37.57,-0.341031614,-10.9975168,-5.677287159,-1.319661812,-13.81785229,-1.577922278
230,E4.P2.R2R5G6.brain,ATGACTCG,CTTCACGG,E4,P2,R2R5G6,brain,SOC,28,28,2,12,M,3/26/19,3/20/19,,14.6,NA,1.164352856,75,NA,NA,6.482068232,0.811713598,NA,NA,NA,NA,42.4,0.295459779,NA,NA,NA,NA,2.528712431
231,E4.P2.R2R5G6.brain,ATGACTCG,CTTCACGG,E4,P2,R2R5G6,brain,SOC,28,12,2,12,M,6/17/19,5/27/19,6/24/19,15.3,16.3,1.184691431,80,78,0.021,3.085073561,0.489265524,28.46334333,44.29289006,34.71902015,42.14084962,36.9,-0.036037567,-16.86580515,-11.64634888,-1.032158814,12.01674595,-3.036204967
232,F4.P2.P2G3R5.brain,ATGACTCG,TCCTGTAA,F4,P2,P2G3R5,brain,SOC,28,12,2,12,F,6/17/19,5/27/19,6/24/19,8.6,9.4,0.934498451,65,69,0.013,1.209864207,0.082736629,19.66853426,31.04050931,25.12573791,29.43462243,36.68,-0.331247732,-7.67444933,-10.328327,-0.281854225,10.291758,-2.63485273
233,G4.P2.O1G2G5.brain,ATGACTCG,AGAATGCC,G4,P2,O1G2G5,brain,NOC,28,28,2,12,M,3/26/19,,,4,NA,0.602059991,NA,NA,NA,NA,NA,NA,NA,NA,NA,42.7,NA,NA,NA,NA,NA,3.811747313
234,G4.P2.O1G2G5.brain,ATGACTCG,AGAATGCC,G4,P2,O1G2G5,brain,NOC,28,12,2,12,M,5/30/19,5/23/19,6/7/19,7.7,7.9,0.886490725,64,66,0.01,1.870174662,0.271882169,13.54928292,35.09606679,20.31850748,14.30799669,37.48,-0.120742044,-9.883664825,-3.10529069,-2.840478823,-2.447641812,-1.751387504
235,H4.P2.G2G3O4.brain,ATGACTCG,GAGGCATT,H4,P2,G2G3O4,brain,OCE,32,28,2,12,F,4/2/19,3/27/19,,15.6,NA,1.193124598,86,NA,NA,4.428386254,0.646245494,NA,NA,NA,NA,43,0.117190222,NA,NA,NA,NA,3.035973291
236,H4.P2.G2G3O4.brain,ATGACTCG,GAGGCATT,H4,P2,G2G3O4,brain,OCE,32,12,2,12,F,6/17/19,5/27/19,6/25/19,17,17.5,1.230448921,82,91,0.025,2.018219478,0.304968393,61.03539264,4.606692144,30.95453758,26.9123655,37.92,-0.240693645,12.57821549,-53.86652987,-6.595526049,-5.121518912,-2.173861504
237,A5.P2.R3O5G6.brain,ATGACTCG,CCTCGGTA,A5,P2,R3O5G6,brain,OCE,32,28,2,12,M,3/26/19,3/20/19,,7.6,NA,0.880813592,64,NA,NA,1.852918796,0.267856387,NA,NA,NA,NA,42.2,-0.122241891,NA,NA,NA,NA,2.97788641
238,A5.P2.R3O5G6.brain,ATGACTCG,CCTCGGTA,A5,P2,R3O5G6,brain,OCE,32,12,2,12,M,5/30/19,5/23/19,6/7/19,8.7,8.5,0.939519253,64,64,0.009,1.147873071,0.059893867,19.83492832,39.22621652,25.34764391,7.578869111,37.78,-0.356324407,-5.162033763,-0.242132493,1.289215275,-10.13165976,-1.544126644
239,B5.P2.G2P3O6.brain,ATGACTCG,TTCTAACG,B5,P2,G2P3O6,brain,SOC,28,28,2,12,F,4/15/19,4/8/19,,9.7,NA,0.986771734,73,NA,NA,4.589384431,0.661754438,NA,NA,NA,NA,NA,0.224512048,NA,NA,NA,NA,NA
240,B5.P2.G2P3O6.brain,ATGACTCG,TTCTAACG,B5,P2,G2P3O6,brain,SOC,28,12,2,12,F,6/18/19,5/27/19,6/25/19,10,10.3,1,72,74,0.01,1.303840907,0.115224603,13.75888003,33.47203344,23.03942323,20.70727897,35.72,-0.327903459,-15.93012507,-9.797290172,-3.717332404,0.132078991,-3.724687526
241,C5.P2.G3O4G6.brain,ATGACTCG,ATGAGGCT,C5,P2,G3O4G6,brain,SOC,28,28,2,12,F,4/15/19,4/8/19,,6.7,NA,0.826074803,62,NA,NA,2.940364879,0.468401227,NA,NA,NA,NA,NA,0.102657958,NA,NA,NA,NA,NA
242,C5.P2.G3O4G6.brain,ATGACTCG,ATGAGGCT,C5,P2,G3O4G6,brain,SOC,28,12,2,12,F,6/18/19,5/27/19,6/25/19,6.9,7.6,0.838849091,61,64,0.011,1.019315202,0.008308501,40.01276452,24.53293826,13.99019863,16.78953616,36.98,-0.36311845,17.36182394,-13.03492345,-8.719066506,0.511342843,-2.177196192
243,D5.P2.P1R2R6.brain,ATGACTCG,GCAGAATC,D5,P2,P1R2R6,brain,NOC,28,28,2,,M,4/2/19,3/27/19,,7.5,NA,0.875061263,68,NA,NA,3.302373313,0.518826166,NA,NA,NA,NA,42.7,0.13128728,NA,NA,NA,NA,3.487160324
244,D5.P2.P1R2R6.brain,ATGACTCG,GCAGAATC,D5,P2,P1R2R6,brain,NOC,28,12,2,,M,5/30/19,5/23/19,,8.3,NA,0.919078092,70,NA,NA,1.735490626,0.239422272,NA,NA,NA,NA,37.51,-0.167701087,NA,NA,NA,NA,-1.777030988
245,E5.P2.G1R4O6.brain,ATGACTCG,CACTACGA,E5,P2,G1R4O6,brain,SOC,28,28,2,12,M,3/26/19,,,11,NA,1.041392685,NA,NA,NA,NA,NA,NA,NA,NA,NA,42.5,NA,NA,NA,NA,NA,2.962573335
246,E5.P2.G1R4O6.brain,ATGACTCG,CACTACGA,E5,P2,G1R4O6,brain,SOC,28,12,2,12,M,5/30/19,5/23/19,6/7/19,13.3,13.4,1.123851641,80,75,NA,1.745106476,0.24182193,26.86914761,112.5504194,39.19117617,30.33147412,37.33,-0.256411624,-10.90059823,62.73497287,7.787301816,4.822673899,-2.420726687
247,F5.P2.P1R2R6.brain,ATGACTCG,TGTCGTAG,F5,P2,P1R2R6,brain,NOC,28,28,2,,M,4/2/19,3/27/19,,7.5,NA,0.875061263,68,NA,NA,3.302373313,0.518826166,NA,NA,NA,NA,42.7,0.13128728,NA,NA,NA,NA,3.487160324
248,F5.P2.P1R2R6.brain,ATGACTCG,TGTCGTAG,F5,P2,P1R2R6,brain,NOC,28,12,2,,M,5/30/19,5/23/19,,8.3,NA,0.919078092,70,NA,NA,1.735490626,0.239422272,NA,NA,NA,NA,37.51,-0.167701087,NA,NA,NA,NA,-1.777030988
249,G5.P2.R1G3O5.brain,ATGACTCG,ACCACTTA,G5,P2,R1G3O5,brain,NOC,28,28,2,12,F,4/15/19,4/8/19,,11.9,NA,1.075546961,74,NA,NA,4.900275287,0.690220478,NA,NA,NA,NA,NA,0.213479196,NA,NA,NA,NA,NA
250,G5.P2.R1G3O5.brain,ATGACTCG,ACCACTTA,G5,P2,R1G3O5,brain,NOC,28,12,2,12,F,6/17/19,5/27/19,6/24/19,11,11.6,1.041392685,72,75,0.019,1.413794195,0.150386194,NA,39.50110782,29.06763149,27.21944246,37.17,-0.311158776,NA,-6.513364114,0.362084134,4.575313347,-2.367426665
251,H5.P2.O1R2G6.brain,ATGACTCG,GTTGTCCG,H5,P2,O1R2G6,brain,OCE,32,28,2,12,F,4/15/19,4/8/19,,11.9,NA,1.075546961,74,NA,NA,3.700705323,0.568284505,NA,NA,NA,NA,NA,0.091543223,NA,NA,NA,NA,NA
252,H5.P2.O1R2G6.brain,ATGACTCG,GTTGTCCG,H5,P2,O1R2G6,brain,OCE,32,12,2,12,F,5/30/19,5/23/19,6/7/19,11.1,10.8,1.045322979,75,72,0.012,1.483874918,0.171397294,16.71932677,41.18437619,26.88345476,18.27042743,36.71,-0.291896387,-14.27302361,-3.1407737,-0.622836152,-3.100514524,-2.836700579
253,A6.P2.G1G2G6.brain,ATGACTCG,ATCCATAT,A6,P2,G1G2G6,brain,NOC,28,28,2,12,M,4/15/19,4/8/19,,8,NA,0.903089987,67,NA,NA,4.762085496,0.677797188,NA,NA,NA,NA,NA,0.277787441,NA,NA,NA,NA,NA
254,A6.P2.G1G2G6.brain,ATGACTCG,ATCCATAT,A6,P2,G1G2G6,brain,NOC,28,12,2,12,M,6/18/19,5/27/19,6/25/19,8.2,9.3,0.913813852,65,67,0.009,0.999970788,-1.27E-05,33.96387695,26.31644339,19.3604049,NA,36.14,-0.404793819,6.881562416,-14.84122767,-5.897280179,NA,-3.137757074
255,B6.P2.O1G3G4.brain,ATGACTCG,GCTTGCGC,B6,P2,O1G3G4,brain,OCE,32,28,2,12,M,4/2/19,3/27/19,,12.5,NA,1.096910013,78,NA,NA,3.461949987,0.53932079,NA,NA,NA,NA,42.2,0.053074414,NA,NA,NA,NA,2.523464625
256,B6.P2.O1G3G4.brain,ATGACTCG,GCTTGCGC,B6,P2,O1G3G4,brain,OCE,32,12,2,12,M,6/18/19,5/27/19,6/25/19,13.4,14.6,1.127104798,79,81,0.013,1.491314137,0.173569135,50.943343,32.25592867,27.29371432,19.55306848,36.69,-0.326111851,10.04556848,-20.09350093,-5.9090447,-7.86551248,-3.070000601
257,C6.P2.G1O2R4.brain,ATGACTCG,AGTATCTT,C6,P2,G1O2R4,brain,SOC,28,28,2,12,M,4/15/19,4/8/19,,13.3,NA,1.123851641,84,NA,NA,4.374131199,0.640891805,NA,NA,NA,NA,NA,0.142658251,NA,NA,NA,NA,NA
258,C6.P2.G1O2R4.brain,ATGACTCG,AGTATCTT,C6,P2,G1O2R4,brain,SOC,28,12,2,12,M,5/30/19,5/23/19,6/7/19,13.9,14.5,1.1430148,78,78,0.023,1.941205323,0.288071474,19.5711885,52.64704229,39.06056545,31.59565901,36.91,-0.218688372,-21.06591696,0.508777946,6.007713485,4.336226445,-2.896370171
259,D6.P2.G3P4O5.brain,ATGACTCG,GACGCTCC,D6,P2,G3P4O5,brain,OCE,32,12,2,12,M,6/17/19,5/27/19,6/24/19,17,18.4,1.230448921,83,93,0.025,1.494341001,0.174449713,57.14045469,59.95550335,32.22987967,36.58846118,36.89,-0.371212325,6.33725603,-0.418205959,-6.669347459,3.122241214,-3.203861504
260,E6.P2.R3G4O6.brain,ATGACTCG,CATGCCAT,E6,P2,R3G4O6,brain,SOC,28,28,2,12,M,3/28/19,3/22/19,,10.2,NA,1.008600172,70,NA,NA,3.625253398,0.559338368,NA,NA,NA,NA,42.7,0.112383819,NA,NA,NA,NA,3.236764646
261,E6.P2.R3G4O6.brain,ATGACTCG,CATGCCAT,E6,P2,R3G4O6,brain,SOC,28,12,2,12,M,6/17/19,,6/24/19,11.4,11.8,1.056904851,70,74,0.02,NA,NA,NA,66.76940437,34.72058979,37.45734123,36.85,NA,NA,20.33260192,5.715228323,14.49491533,-2.724522321
262,F6.P2.O2O3G6.brain,ATGACTCG,TGCATTGC,F6,P2,O2O3G6,brain,SOC,28,28,2,12,M,4/15/19,4/8/19,,7.1,NA,0.851258349,67,NA,NA,4.357123426,0.639199863,NA,NA,NA,NA,NA,0.262251642,NA,NA,NA,NA,NA
263,F6.P2.O2O3G6.brain,ATGACTCG,TGCATTGC,F6,P2,O2O3G6,brain,SOC,28,12,2,12,M,6/18/19,5/27/19,6/25/19,7.8,8.7,0.892094603,64,67,0.013,1.427549174,0.154591077,47.93646415,31.60479143,24.47879073,22.41997947,36.54,-0.240526478,22.41816395,-8.285888094,0.120547984,4.391153809,-2.700661418
264,G6.P2.R1R4R6.brain,ATGACTCG,ATTGGAAC,G6,P2,R1R4R6,brain,SOC,28,28,2,12,M,4/15/19,4/8/19,,13.2,NA,1.120573931,82,NA,NA,2.980565743,0.474298706,NA,NA,NA,NA,NA,-0.022476491,NA,NA,NA,NA,NA
265,G6.P2.R1R4R6.brain,ATGACTCG,ATTGGAAC,G6,P2,R1R4R6,brain,SOC,28,12,2,12,M,6/18/19,5/27/19,6/25/19,14.4,16.1,1.158362492,78,80,0.02,1.427414988,0.154550253,53.9649166,43.77576916,30.61686628,31.80505501,36.44,-0.359038264,9.157106235,-11.74113927,-4.834498573,1.999248127,-3.412739741
266,H6.P2.R1R4G5.brain,ATGACTCG,GCCAAGGT,H6,P2,R1R4G5,brain,OCE,32,28,2,12,M,4/2/19,,,9.1,NA,0.959041392,71,NA,NA,NA,NA,NA,NA,NA,NA,42.6,NA,NA,NA,NA,NA,3.2387777
267,H6.P2.R1R4G5.brain,ATGACTCG,GCCAAGGT,H6,P2,R1R4G5,brain,OCE,32,12,2,12,M,6/18/19,5/27/19,6/25/19,11.1,12.2,1.045322979,73,76,0.018,1.403620134,0.147249589,NA,45.78076957,21.19661098,30.26481664,36.42,-0.316044092,NA,-1.500693897,-8.408378709,6.665797158,-3.126700579
268,A7.P2.G2P3P4P6.brain,ATGACTCG,CGAGATAT,A7,P2,G2P3P4P6,brain,OCE,32,12,2,12,M,6/18/19,5/27/19,6/25/19,18.7,19.9,1.271841607,84,83,0.019,1.775614685,0.249348728,103.5024348,51.98760999,30.08683754,13.59244284,35.91,-0.314730218,48.78920029,-11.55357815,-11.06099542,-22.26100305,-4.341518042
269,B7.P2.P2G5G6.brain,ATGACTCG,TAGAGCGC,B7,P2,P2G5G6,brain,SOC,28,28,2,12,M,4/15/19,4/8/19,,11.4,NA,1.056904851,74,NA,NA,4.288120847,0.632267016,NA,NA,NA,NA,NA,0.163820196,NA,NA,NA,NA,NA
270,B7.P2.P2G5G6.brain,ATGACTCG,TAGAGCGC,B7,P2,P2G5G6,brain,SOC,28,12,2,12,M,6/18/19,5/27/19,6/25/19,11.4,12.2,1.056904851,73,81,0.016,1.212588512,0.083713449,55.77116786,46.81198852,28.08552915,28.6265526,36.19,-0.384733371,21.12945069,-0.469474947,-1.519460539,5.027533118,-3.384522321
271,C7.P2.G2O3O4.brain,ATGACTCG,AACCTGTT,C7,P2,G2O3O4,brain,NOC,28,12,2,12,M,6/18/19,5/27/19,6/25/19,6.9,7.5,0.838849091,62,66,0.012,1.2077012,0.081959498,56.03719877,33.67424857,23.45836108,24.4934672,34.74,-0.289467453,33.64692725,-3.682447888,0.899002999,8.374422278,-4.417196192
272,D7.P2.G2O3P5.brain,ATGACTCG,GGTTCACC,D7,P2,G2O3P5,brain,NOC,28,28,2,12,M,4/2/19,3/27/19,,10.9,NA,1.037426498,71,NA,NA,3.282547068,0.516210962,NA,NA,NA,NA,42.8,0.056430674,NA,NA,NA,NA,3.271847249
273,D7.P2.G2O3P5.brain,ATGACTCG,GGTTCACC,D7,P2,G2O3P5,brain,NOC,28,12,2,12,M,6/18/19,5/27/19,6/25/19,12.1,12.5,1.08278537,77,80,0.014,2.620737064,0.418423451,57.62368696,31.58232636,29.93386529,25.0959577,36.98,-0.061538427,22.19996262,-16.33263287,-0.120845565,1.019493033,-2.659439719
274,E7.P2.O1G2P3.brain,ATGACTCG,CATTGTTG,E7,P2,O1G2P3,brain,SOC,28,12,1,12,M,,,6/25/19,NA,10.5,NA,NA,70,0.012,NA,NA,48.08069465,48.7736061,29.18540881,25.79284032,NA,NA,17.87035144,5.081951977,2.128839065,4.899343551,NA
275,F7.P2.P3O5R6.brain,ATGACTCG,TGCCACCA,F7,P2,P3O5R6,brain,OCE,32,12,2,12,M,5/30/19,,6/7/19,8.2,8.4,0.913813852,66,66,0.015,NA,NA,26.00922165,49.38331042,29.8106465,18.41648007,35.19,NA,1.272928623,10.12612666,5.90212492,0.865099594,-4.087757074
276,G7.P2.O1P5R6.brain,ATGACTCG,CTCTGCCT,G7,P2,O1P5R6,brain,NOC,28,28,2,12,F,4/2/19,,,13.6,NA,1.133538908,80,NA,NA,NA,NA,NA,NA,NA,NA,42.9,NA,NA,NA,NA,NA,3.121451571
277,G7.P2.O1P5R6.brain,ATGACTCG,CTCTGCCT,G7,P2,O1P5R6,brain,NOC,28,12,2,12,F,6/17/19,5/27/19,6/24/19,15.2,16.5,1.181843588,80,86,0.02,1.807531555,0.257085888,22.15154849,41.58544725,30.75703541,31.99226205,36.26,-0.266950108,-23.6989381,-14.7761222,-5.293957665,1.549861587,-3.666931053
278,H7.P2.O2P3O6.brain,ATGACTCG,TCTCATTC,H7,P2,O2P3O6,brain,OCE,32,28,2,12,M,3/28/19,3/22/19,,11.5,NA,1.06069784,75,NA,NA,3.037551212,0.482523609,NA,NA,NA,NA,42.8,0.012389168,NA,NA,NA,NA,3.216203765
279,H7.P2.O2P3O6.brain,ATGACTCG,TCTCATTC,H7,P2,O2P3O6,brain,OCE,32,12,2,12,M,5/30/19,5/23/19,6/7/19,13.4,14.2,1.127104798,78,76,0.021,1.552252393,0.190962338,NA,64.98350836,43.77838059,24.42482266,37.06,-0.308718648,NA,13.47873978,11.17524979,-2.35716472,-2.700000601
280,A8.P2.O2G5R6.brain,ATGACTCG,ACGCCGCA,A8,P2,O2G5R6,brain,OCE,32,12,1,28,M,4/9/19,4/2/19,,6.5,NA,0.812913357,70,NA,NA,1.991800899,0.299245924,NA,NA,NA,NA,35.7,-0.060641403,NA,NA,NA,NA,-3.420100536
281,A8.P2.O2G5R6.brain,ATGACTCG,ACGCCGCA,A8,P2,O2G5R6,brain,OCE,32,28,1,28,M,6/20/19,6/4/19,6/27/19,7.7,8.5,0.886490725,64,66,0.007,3.674841161,0.565238572,21.54864792,32.31629168,13.20237674,NA,42.49,0.172614359,-3.448314163,-7.152057333,-10.8560519,NA,3.258612496
282,B8.P2.P3R4G6.brain,ATGACTCG,GTATTATG,B8,P2,P3R4G6,brain,SOC,28,12,1,28,F,4/9/19,,,7.3,NA,0.86332286,75,NA,NA,NA,NA,NA,NA,NA,NA,35.6,NA,NA,NA,NA,NA,-3.594291848
283,B8.P2.P3R4G6.brain,ATGACTCG,GTATTATG,B8,P2,P3R4G6,brain,SOC,28,28,1,28,F,6/21/19,6/5/19,6/28/19,8.8,9.3,0.944482672,65,71,0.011,4.670666273,0.669378837,29.59821897,41.99733439,24.10588896,17.54664565,42.77,0.250952182,2.515904436,0.839663333,-1.151796119,-1.43707038,3.436599442
284,C8.P2.R2P3G4.brain,ATGACTCG,GATAGATC,C8,P2,R2P3G4,brain,NOC,28,12,1,28,M,3/27/19,,,2.4,NA,0.380211242,46,NA,NA,NA,NA,NA,NA,NA,NA,35.3,NA,NA,NA,NA,NA,-3.439870063
285,C8.P2.R2P3G4.brain,ATGACTCG,GATAGATC,C8,P2,R2P3G4,brain,NOC,28,28,1,28,M,6/21/19,6/5/19,6/28/19,4.1,4.6,0.612783857,53,57,0.004,3.284258706,0.51643736,12.28611211,31.24929415,NA,NA,42.58,0.245593945,-2.544756776,0.016390102,NA,NA,3.682473399
286,D8.P2.R3P5G6.brain,ATGACTCG,AGCGAGCT,D8,P2,R3P5G6,brain,OCE,32,12,1,28,M,3/27/19,,,8.7,NA,0.939519253,68,NA,NA,NA,NA,NA,NA,NA,NA,36.3,NA,NA,NA,NA,NA,-3.024126644
287,D8.P2.R3P5G6.brain,ATGACTCG,AGCGAGCT,D8,P2,R3P5G6,brain,OCE,32,28,1,28,M,6/20/19,6/4/19,6/27/19,12.1,13.6,1.08278537,75,80,NA,6.121970358,0.786891222,43.03170525,48.00094939,41.49950232,29.08297987,42.88,0.306929344,4.740621294,-2.236827654,9.795813855,3.255882859,3.240560281
288,E8.P2.G2O3R5.brain,ATGACTCG,CAGTTCCG,E8,P2,G2O3R5,brain,SOC,28,12,1,28,F,4/9/19,,,8.7,NA,0.939519253,80,NA,NA,NA,NA,NA,NA,NA,NA,34.8,NA,NA,NA,NA,NA,-4.524126644
289,E8.P2.G2O3R5.brain,ATGACTCG,CAGTTCCG,E8,P2,G2O3R5,brain,SOC,28,28,1,28,F,6/21/19,6/5/19,6/28/19,10.6,11.3,1.025305865,70,76,0.01,3.955642863,0.597217074,26.92757691,44.44686338,20.38017308,14.41492402,42.33,0.142829637,-5.368118751,-0.934112788,-7.875653109,-7.751759908,2.829668991
290,F8.P2.G3G4R5.brain,ATGACTCG,TGACCTTA,F8,P2,G3G4R5,brain,SOC,28,12,1,12,M,,,6/25/19,NA,4.6,NA,NA,58,0.007,NA,NA,36.48945859,18.23681366,17.13275513,15.797371,NA,NA,21.6585897,-12.99609039,-1.079298341,4.29362953,NA
291,F8.P2.G3G4R5.brain,ATGACTCG,TGACCTTA,F8,P2,G3G4R5,brain,NOC,28,28,2,12,M,4/2/19,,,4.2,NA,0.62324929,59,NA,NA,NA,NA,NA,NA,NA,NA,42,NA,NA,NA,NA,NA,3.093199485
292,G8.P2.G2P4G5.brain,ATGACTCG,CTAGGCAA,G8,P2,G2P4G5,brain,SOC,28,12,1,28,F,4/3/19,3/21/19,,12.8,NA,1.10720997,90,NA,NA,1.622288046,0.210127968,NA,NA,NA,NA,36.3,-0.280701182,NA,NA,NA,NA,-3.404357117
293,G8.P2.G2P4G5.brain,ATGACTCG,CTAGGCAA,G8,P2,G2P4G5,brain,SOC,28,28,1,28,F,6/19/19,5/30/19,6/26/19,15.2,15.1,1.181843588,82,85,0.014,5.556808758,0.74482545,42.56742616,61.53887724,40.48079483,25.24571469,42.48,0.220789454,0.366306359,8.133621363,6.528500532,-2.968608244,2.553068947
294,H8.P2.O1O3R4.brain,ATGACTCG,TCGAATGG,H8,P2,O1O3R4,brain,NOC,28,12,1,28,F,3/27/19,,,6.8,NA,0.832508913,64,NA,NA,NA,NA,NA,NA,NA,NA,35.9,NA,NA,NA,NA,NA,-3.247922278
295,H8.P2.O1O3R4.brain,ATGACTCG,TCGAATGG,H8,P2,O1O3R4,brain,NOC,28,28,1,28,F,6/20/19,6/4/19,6/27/19,8.1,9.1,0.908485019,68,70,0.01,3.980928871,0.599984418,22.35796047,66.77188322,16.71046926,6.625123539,42.51,0.197574251,-4.203015951,26.03654267,-8.247401708,-12.0402957,3.24151684
296,A9.P2.P1G4G5.brain,ATGACTCG,CTTAGTGT,A9,P2,P1G4G5,brain,NOC,28,12,1,28,F,3/28/19,3/21/19,,13.8,NA,1.139879086,91,NA,NA,2.740096715,0.437765892,NA,NA,NA,NA,36.3,-0.067598776,NA,NA,NA,NA,-3.497096257
297,A9.P2.P1G4G5.brain,ATGACTCG,CTTAGTGT,A9,P2,P1G4G5,brain,NOC,28,28,1,28,F,6/21/19,,6/28/19,14.4,16,1.158362492,79,81,0.014,NA,NA,39.04044851,48.50186563,28.37847122,15.64751056,42.6,NA,-5.506692798,-6.803877547,-6.922986577,-13.99914793,2.747260259
298,B9.P2.O2R5R6.brain,ATGACTCG,TCCGACAC,B9,P2,O2R5R6,brain,OCE,32,12,1,28,M,4/9/19,4/2/19,,7.2,NA,0.857332496,75,NA,NA,2.803372956,0.447680879,NA,NA,NA,NA,36.4,0.068030079,NA,NA,NA,NA,-2.785017934
299,B9.P2.O2R5R6.brain,ATGACTCG,TCCGACAC,B9,P2,O2R5R6,brain,OCE,32,28,1,28,M,6/21/19,6/5/19,6/28/19,8.3,9.1,0.919078092,65,67,0.009,4.087850364,0.61149499,43.19043799,39.49171636,19.45932701,21.37463412,42.06,0.204371631,16.62946157,-1.243624186,-5.498543958,2.70921488,2.772969012
300,C9.P2.R1R2R6.brain,ATGACTCG,AACAGGAA,C9,P2,R1R2R6,brain,OCE,32,12,1,28,F,4/9/19,4/2/19,,7.6,NA,0.880813592,75,NA,NA,1.866182283,0.270954062,NA,NA,NA,NA,36.3,-0.119144216,NA,NA,NA,NA,-2.92211359
301,C9.P2.R1R2R6.brain,ATGACTCG,AACAGGAA,C9,P2,R1R2R6,brain,OCE,32,28,1,28,F,6/19/19,5/30/19,6/26/19,8.7,9.4,0.939519253,68,70,0.01,3.096071549,0.490810989,11.12215167,42.71285358,32.13833918,17.76778393,42.55,0.074592715,-16.22083192,1.344017267,6.730747045,-1.375080495,3.225873356
302,D9.P2.P1G2R3.brain,ATGACTCG,GGTGAAGG,D9,P2,P1G2R3,brain,SOC,28,12,1,28,M,4/3/19,3/21/19,,7.3,NA,0.86332286,75,NA,NA,2.467920725,0.392331205,NA,NA,NA,NA,35.7,0.010015104,NA,NA,NA,NA,-3.494291848
303,D9.P2.P1G2R3.brain,ATGACTCG,GGTGAAGG,D9,P2,P1G2R3,brain,SOC,28,28,1,28,M,6/19/19,5/30/19,6/26/19,9.6,11.2,0.982271233,72,77,0.014,4.799970749,0.681238591,35.10975847,52.93929634,29.01309281,14.72697659,42.6,0.245998616,3.074731866,7.769485428,0.907173676,-7.280558943,3.19240813
304,E9.P2.G4G5R6.brain,ATGACTCG,CCTGTGGC,E9,P2,G4G5R6,brain,NOC,28,12,1,28,M,4/3/19,3/21/19,,7.5,NA,0.875061263,75,NA,NA,1.566653147,0.194972855,NA,NA,NA,NA,36.4,-0.192566031,NA,NA,NA,NA,-2.812839676
305,E9.P2.G4G5R6.brain,ATGACTCG,CCTGTGGC,E9,P2,G4G5R6,brain,NOC,28,28,1,28,M,6/19/19,5/30/19,6/26/19,10.4,13.2,1.017033339,73,81,0.011,3.575923976,0.553388277,34.20187529,41.16192716,26.55621318,9.555873606,42.38,0.102681547,-3.046532441,-8.231188862,-4.547847063,-15.63462983,2.898216819
306,F9.P2.R2O3G4.brain,ATGACTCG,TTCACAAT,F9,P2,R2O3G4,brain,SOC,28,28,2,12,F,3/26/19,,,13,NA,1.113943352,NA,NA,NA,NA,NA,NA,NA,NA,NA,42.7,NA,NA,NA,NA,NA,2.977095055
307,F9.P2.R2O3G4.brain,ATGACTCG,TTCACAAT,F9,P2,R2O3G4,brain,SOC,28,12,2,12,F,5/30/19,5/23/19,6/7/19,17.9,17.5,1.252853031,82,82,0.022,2.381491492,0.376849034,10.72428741,64.42699683,39.76007471,28.47753822,37.18,-0.178781297,-37.73288974,5.953774821,2.210011081,-3.556346192,-2.99732673
308,G9.P2.R1R3G6.brain,ATGACTCG,ACACGAGT,G9,P2,R1R3G6,brain,OCE,32,12,1,28,M,4/9/19,4/2/19,,7.3,NA,0.86332286,75,NA,NA,1.732613606,0.238701721,NA,NA,NA,NA,36.5,-0.14361438,NA,NA,NA,NA,-2.694291848
309,G9.P2.R1R3G6.brain,ATGACTCG,ACACGAGT,G9,P2,R1R3G6,brain,OCE,32,28,1,28,M,6/20/19,6/4/19,6/27/19,9.8,10.7,0.991226076,69,76,0.011,4.360143028,0.639500736,34.60974988,40.09142754,25.89656465,18.60311802,42.4,0.200276469,3.878068557,-4.022557094,-1.459819206,-2.608675539,2.973860302
310,H9.P2.R1O2P4.brain,ATGACTCG,GTGTAGAC,H9,P2,R1O2P4,brain,SOC,28,12,1,28,M,3/25/19,,,9.1,NA,0.959041392,79,NA,NA,NA,NA,NA,NA,NA,NA,34.7,NA,NA,NA,NA,NA,-4.6612223
311,H9.P2.R1O2P4.brain,ATGACTCG,GTGTAGAC,H9,P2,R1O2P4,brain,SOC,28,28,1,28,M,6/20/19,6/4/19,6/27/19,13.5,16.8,1.130333768,72,87,0.018,4.228057473,0.626140882,40.21233772,41.81210892,39.1807272,31.54410793,41.94,0.125023226,-6.420156039,-15.1829563,2.680012959,0.624262283,2.170725485
312,A10.P2.P1G5O6.brain,ATGACTCG,GTTAATTG,A10,P2,P1G5O6,brain,SOC,28,12,1,28,F,4/9/19,4/2/19,,13.7,NA,1.136720567,85,NA,NA,3.119926852,0.494144412,NA,NA,NA,NA,35.8,-0.009814932,NA,NA,NA,NA,-3.987822343
313,A10.P2.P1G5O6.brain,ATGACTCG,GTTAATTG,A10,P2,P1G5O6,brain,SOC,28,28,1,28,F,6/21/19,6/5/19,6/28/19,11.8,12.2,1.071882007,NA,75,0.012,4.560230577,0.658986802,35.59343637,44.82732605,25.59139909,22.06167535,42.28,0.183876174,0.951719202,-2.454137417,-4.013590599,-1.537344132,2.668382023
314,B10.P2.G1O5P6.brain,ATGACTCG,ACCGGCCA,B10,P2,G1O5P6,brain,OCE,32,12,1,28,M,3/27/19,,,11.9,NA,1.075546961,76,NA,NA,NA,NA,NA,NA,NA,NA,35.6,NA,NA,NA,NA,NA,-4.020891891
315,B10.P2.G1O5P6.brain,ATGACTCG,ACCGGCCA,B10,P2,G1O5P6,brain,OCE,32,28,1,28,M,6/19/19,5/30/19,6/26/19,15,16.3,1.176091259,78,84,0.017,3.040926621,0.483005941,37.12319878,56.95904086,37.44512833,19.79227346,41.81,-0.038470663,-8.205949697,1.019801917,1.693949366,-10.33183021,1.901616775
316,C10.P2.R2O3O5.brain,ATGACTCG,GGAGTACT,C10,P2,R2O3O5,brain,SOC,28,12,1,28,M,4/9/19,4/2/19,,7.6,NA,0.880813592,74,NA,NA,1.740044479,0.24056035,NA,NA,NA,NA,36.2,-0.149537928,NA,NA,NA,NA,-3.02211359
317,C10.P2.R2O3O5.brain,ATGACTCG,GGAGTACT,C10,P2,R2O3O5,brain,SOC,28,28,1,28,M,6/20/19,6/4/19,6/27/19,8.5,8.8,0.929418926,67,70,0.006,2.656835267,0.424364627,20.68004996,33.67053794,15.06607702,2.806099406,42.12,0.012640306,-5.098919292,-6.43130684,-9.442072782,-15.38187465,2.814421184
318,D10.P2.R3O5O6.brain,ATGACTCG,AAGACGTC,D10,P2,R3O5O6,brain,NOC,28,28,2,12,F,4/15/19,4/8/19,,8.4,NA,0.924279286,67,NA,NA,5.07515148,0.705449009,NA,NA,NA,NA,NA,0.296011476,NA,NA,NA,NA,NA
319,D10.P2.R3O5O6.brain,ATGACTCG,AAGACGTC,D10,P2,R3O5O6,brain,NOC,28,12,2,12,F,6/17/19,5/27/19,6/24/19,10.1,10.7,1.004321374,71,73,0.012,1.967888217,0.294000425,18.99978689,30.17003186,20.59769446,31.28307074,37.08,-0.151050352,-11.73189443,-13.94395277,-6.758689396,10.07127718,-2.37396144
320,E10.P2.R3O4O6.brain,ATGACTCG,GTCTCGCA,E10,P2,R3O4O6,brain,NOC,28,12,1,28,F,3/27/19,,,6.5,NA,0.812913357,65,NA,NA,NA,NA,NA,NA,NA,NA,36,NA,NA,NA,NA,NA,-3.120100536
321,E10.P2.R3O4O6.brain,ATGACTCG,GTCTCGCA,E10,P2,R3O4O6,brain,NOC,28,28,1,28,F,6/21/19,6/5/19,6/28/19,8.4,8.7,0.924279286,66,71,0.007,3.813910032,0.581370444,20.78239407,36.42179108,11.65102239,4.299815341,42.67,0.171932911,-4.735906126,-3.468888444,-12.70722036,-13.72901032,3.373695098
322,F10.P2.R2P5P6.brain,ATGACTCG,ACTCTATG,F10,P2,R2P5P6,brain,OCE,32,12,1,28,F,3/25/19,,,9.3,NA,0.968482949,84,NA,NA,NA,NA,NA,NA,NA,NA,34.4,NA,NA,NA,NA,NA,-4.979770128
323,F10.P2.R2P5P6.brain,ATGACTCG,ACTCTATG,F10,P2,R2P5P6,brain,OCE,32,28,1,28,F,6/20/19,6/4/19,6/27/19,11.8,11.2,1.071882007,72,78,0.014,4.023120978,0.604563092,30.73835154,49.75473216,32.55025519,13.73164901,42.28,0.129452464,-1.296675064,4.584921248,4.444336056,-8.275886523,2.668382023
324,G10.P2.R1O2P6.brain,ATGACTCG,GCGCCTGT,G10,P2,R1O2P6,brain,SOC,28,12,1,28,F,3/28/19,3/21/19,,16.4,NA,1.214843848,94,NA,NA,3.395664493,0.530924773,NA,NA,NA,NA,36.1,-0.007794077,NA,NA,NA,NA,-3.93821802
325,G10.P2.R1O2P6.brain,ATGACTCG,GCGCCTGT,G10,P2,R1O2P6,brain,SOC,28,28,1,28,F,6/21/19,6/5/19,6/28/19,16.4,19.1,1.214843848,80,84,0.021,6.7325876,0.828182013,52.56140248,84.54722034,54.07390745,43.93015278,42.66,0.289463163,-0.066479575,22.69535424,14.12533093,9.34989405,2.62178198
326,H10.P2.O1O2R5.brain,ATGACTCG,ATATTCAC,H10,P2,O1O2R5,brain,NOC,28,12,1,28,F,3/28/19,3/21/19,,9,NA,0.954242509,81,NA,NA,1.993549344,0.29962699,NA,NA,NA,NA,35.5,-0.123142124,NA,NA,NA,NA,-3.851948386
327,H10.P2.O1O2R5.brain,ATGACTCG,ATATTCAC,H10,P2,O1O2R5,brain,NOC,28,28,1,28,F,6/19/19,5/30/19,6/26/19,9.7,11.1,0.986771734,74,77,0.014,3.801622422,0.57996898,29.91230365,46.26439482,28.017668,8.236858092,42.66,0.14272659,-1.862053898,1.305749163,0.061655922,-13.61152905,3.243134216
328,A11.P2.R3R4G6.brain,ATGACTCG,CTACAGTT,A11,P2,R3R4G6,brain,SOC,28,12,1,28,F,4/3/19,,,5.7,NA,0.755874856,68,NA,NA,NA,NA,NA,NA,NA,NA,35.7,NA,NA,NA,NA,NA,-3.345909224
329,A11.P2.R3R4G6.brain,ATGACTCG,CTACAGTT,A11,P2,R3R4G6,brain,SOC,28,28,1,28,F,6/21/19,6/5/19,6/28/19,7.4,8.9,0.86923172,61,62,0.009,6.663084852,0.823675344,36.78226722,36.5960749,33.03125963,19.50579093,42.5,0.438730205,10.74262891,-3.716935135,8.373202773,1.158668479,3.296434238
330,B11.P2.G1R2P5.brain,ATGACTCG,TCGTGACC,B11,P2,G1R2P5,brain,NOC,28,12,1,28,M,3/28/19,3/21/19,,6.2,NA,0.792391689,75,NA,NA,2.276732806,0.357312065,NA,NA,NA,NA,36.6,0.006555473,NA,NA,NA,NA,-2.492278794
331,B11.P2.G1R2P5.brain,ATGACTCG,TCGTGACC,B11,P2,G1R2P5,brain,NOC,28,28,1,28,M,6/21/19,6/5/19,6/28/19,7.1,8,0.851258349,70,71,0.007,3.690232728,0.567053756,34.09264669,41.97886674,19.66127361,12.4385951,42.68,0.190105535,10.39902989,3.566344004,-3.647619748,-4.476191797,3.50425598
332,C11.P2.P2G3P6.brain,ATGACTCG,GGAAGCAG,C11,P2,P2G3P6,brain,NOC,28,12,1,28,M,3/25/19,,,5.2,NA,0.716003344,70,NA,NA,NA,NA,NA,NA,NA,NA,34.9,NA,NA,NA,NA,NA,-4.099539654
333,C11.P2.P2G3P6.brain,ATGACTCG,GGAAGCAG,C11,P2,P2G3P6,brain,NOC,28,28,1,28,M,6/21/19,6/5/19,6/28/19,7.7,9.2,0.886490725,65,72,0.012,2.931779787,0.467131346,26.87287254,47.43718975,11.85598045,10.45153002,42.65,0.074507133,0.051227062,6.490683948,-13.25179757,-8.373037615,3.418612496
334,D11.P2.G1R4P6.brain,ATGACTCG,AAGGATGA,D11,P2,G1R4P6,brain,OCE,32,12,1,28,M,4/3/19,3/21/19,,8.8,NA,0.944482672,78,NA,NA,2.140488756,0.330512951,NA,NA,NA,NA,36.4,-0.087913704,NA,NA,NA,NA,-2.933400558
335,D11.P2.G1R4P6.brain,ATGACTCG,AAGGATGA,D11,P2,G1R4P6,brain,OCE,32,28,1,28,M,6/19/19,5/30/19,6/26/19,10.9,12,1.037426498,71,76,0.011,2.827998618,0.451479193,31.8823504,46.78227274,34.16070316,19.32346534,42.51,-0.008301095,-2.238028655,-0.076860216,4.855527582,-3.957257352,2.981847249
336,E11.P2.G1R3G5.brain,ATGACTCG,TATAACCT,E11,P2,G1R3G5,brain,SOC,28,12,1,28,M,3/25/19,,,8.4,NA,0.924279286,80,NA,NA,NA,NA,NA,NA,NA,NA,35.6,NA,NA,NA,NA,NA,-3.696304902
337,E11.P2.G1R3G5.brain,ATGACTCG,TATAACCT,E11,P2,G1R3G5,brain,SOC,28,28,1,28,M,6/19/19,5/30/19,6/26/19,10.3,11.1,1.012837225,72,77,0.01,3.767923959,0.57610213,33.04426655,48.82042132,32.44936637,15.29595671,42.45,0.127262383,1.269909002,3.861775663,4.493354292,-6.552430428,2.977490733
338,F11.P2.G1O3R6.brain,ATGACTCG,CGCGGTTC,F11,P2,G1O3R6,brain,SOC,28,12,1,28,M,3/25/19,,,8.3,NA,0.919078092,78,NA,NA,NA,NA,NA,NA,NA,NA,35,NA,NA,NA,NA,NA,-4.287030988
339,F11.P2.G1O3R6.brain,ATGACTCG,CGCGGTTC,F11,P2,G1O3R6,brain,SOC,28,28,1,28,M,6/21/19,6/5/19,6/28/19,11.3,13.1,1.053078443,71,74,0.009,5.626834904,0.750264173,40.76990252,56.51355788,30.88321791,24.38293768,42.53,0.283519842,3.782163845,7.331607113,-0.070935278,-0.648417356,2.964751593
340,G11.P2.R1P2O5.brain,ATGACTCG,TTGGTGAG,G11,P2,R1P2O5,brain,NOC,28,12,1,28,M,3/25/19,,,7.8,NA,0.892094603,80,NA,NA,NA,NA,NA,NA,NA,NA,33.9,NA,NA,NA,NA,NA,-5.340661418
341,G11.P2.R1P2O5.brain,ATGACTCG,TTGGTGAG,G11,P2,R1P2O5,brain,NOC,28,28,1,28,M,6/19/19,5/30/19,6/26/19,12.2,13.9,1.086359831,75,80,0.017,3.148649514,0.498124321,54.08256851,85.82417121,43.79276956,26.84653927,42,0.016572053,15.00947738,34.9528984,11.63935993,0.541997075,2.351286367
342,H11.P2.P3O5O6.brain,ATGACTCG,CCAACAGA,H11,P2,P3O5O6,brain,OCE,32,28,2,12,M,3/26/19,3/20/19,,8.2,NA,0.913813852,66,NA,NA,4.598866196,0.662650774,NA,NA,NA,NA,42.6,0.257869641,NA,NA,NA,NA,3.322242926
343,H11.P2.P3O5O6.brain,ATGACTCG,CCAACAGA,H11,P2,P3O5O6,brain,OCE,32,12,2,12,M,5/30/19,5/23/19,6/7/19,8.9,9.6,0.949390007,67,66,0.012,1.537253858,0.186745592,22.00539783,38.44702853,22.85620313,NA,37.66,-0.233864491,-5.858923873,-3.344138294,-2.851203116,NA,-1.682674472
344,A12.P2.R3R5R6.brain,ATGACTCG,GTGCGATA,A12,P2,R3R5R6,brain,SOC,28,12,1,28,M,3/28/19,3/21/19,,9.5,NA,0.977723605,83,NA,NA,1.508669839,0.178594208,NA,NA,NA,NA,35.4,-0.254622385,NA,NA,NA,NA,-3.998317956
345,A12.P2.R3R5R6.brain,ATGACTCG,GTGCGATA,A12,P2,R3R5R6,brain,SOC,28,28,1,28,M,6/20/19,6/4/19,6/27/19,11.2,12.7,1.049218023,73,78,0.01,3.845140928,0.584912262,43.23118995,50.26663076,32.46707846,23.59892897,42.2,0.119885553,7.286127501,1.929341015,2.112553494,-0.795832487,2.644025507
346,B12.P2.O4O5R6.brain,ATGACTCG,ACATAGCG,B12,P2,O4O5R6,brain,OCE,32,12,1,28,F,4/9/19,4/2/19,,15.9,NA,1.201397124,95,NA,NA,3.458119806,0.538840035,NA,NA,NA,NA,36.4,0.006104056,NA,NA,NA,NA,-3.591848451
347,B12.P2.O4O5R6.brain,ATGACTCG,ACATAGCG,B12,P2,O4O5R6,brain,OCE,32,28,1,28,F,6/21/19,6/5/19,6/28/19,15.7,15.5,1.195899652,84,86,0.02,5.566058249,0.745547747,47.207017,61.91235077,39.88696967,31.1358075,42.35,0.215257766,3.963220973,7.662433871,5.33504715,2.284890986,2.376699377
348,C12.P2.G2G3R5.brain,ATGACTCG,GAACATAC,C12,P2,G2G3R5,brain,NOC,28,12,1,28,F,4/3/19,3/21/19,,10,NA,1,80,NA,NA,1.950754036,0.290202514,NA,NA,NA,NA,36,-0.152925548,NA,NA,NA,NA,-3.444687526
349,C12.P2.G2G3R5.brain,ATGACTCG,GAACATAC,C12,P2,G2G3R5,brain,NOC,28,28,1,28,F,6/19/19,5/30/19,6/26/19,10.5,12,1.021189299,70,76,0.007,2.468312819,0.392400199,21.08191473,32.23384529,22.6334337,7.834364822,42.37,-0.060155648,-13.03846432,-14.62528767,-6.671741878,-15.44635787,2.878942905
350,D12.P2.R3G5O6.brain,ATGACTCG,AGGTGCGT,D12,P2,R3G5O6,brain,OCE,32,12,1,28,M,3/28/19,3/21/19,,6.4,NA,0.806179974,73,NA,NA,3.218408133,0.507641117,NA,NA,NA,NA,35.6,0.150749684,NA,NA,NA,NA,-3.510826622
351,D12.P2.R3G5O6.brain,ATGACTCG,AGGTGCGT,D12,P2,R3G5O6,brain,OCE,32,28,1,28,M,6/19/19,5/30/19,6/26/19,9,10.8,0.954242509,73,75,0.011,2.615324286,0.417525547,27.4624966,41.36851279,25.48697021,10.7986295,42.06,-0.005243567,-3.529853779,-2.9566371,-2.019320702,-10.57231245,2.708051614
352,E12.P2.P3R4R5.brain,ATGACTCG,TATGAGTA,E12,P2,P3R4R5,brain,OCE,32,12,1,28,M,3/27/19,,,10.8,NA,1.033423755,75,NA,NA,NA,NA,NA,NA,NA,NA,36.5,NA,NA,NA,NA,NA,-3.018878837
353,E12.P2.P3R4R5.brain,ATGACTCG,TATGAGTA,E12,P2,P3R4R5,brain,OCE,32,28,1,28,M,6/19/19,5/30/19,6/26/19,11.8,13.2,1.071882007,76,76,0.016,4.159116354,0.61900107,49.74749578,59.45817493,38.68243517,24.63063138,42.54,0.143890442,12.49908805,10.06505891,7.578374927,-0.559872051,2.928382023
354,F12.P2.O1R2G5.brain,ATGACTCG,CGCAGACG,F12,P2,O1R2G5,brain,OCE,32,12,1,28,M,4/9/19,4/2/19,,7.1,NA,0.851258349,75,NA,NA,2.134547271,0.329305777,NA,NA,NA,NA,36.8,-0.047642444,NA,NA,NA,NA,-2.37574402
355,F12.P2.O1R2G5.brain,ATGACTCG,CGCAGACG,F12,P2,O1R2G5,brain,OCE,32,28,1,28,M,6/20/19,6/4/19,6/27/19,8.9,9.5,0.949390007,68,71,0.011,4.022226638,0.604466538,26.45321486,34.08229259,23.83114105,9.752747071,42.49,0.183856455,-1.150437787,-7.497708978,-1.72635814,-9.549265749,3.147325528
356,G12.P2.P3O4R6.brain,ATGACTCG,GATATCGA,G12,P2,P3O4R6,brain,NOC,28,28,2,12,F,4/15/19,4/8/19,,9.2,NA,0.963787827,69,NA,NA,5.126731714,0.709840591,NA,NA,NA,NA,NA,0.282824465,NA,NA,NA,NA,NA
357,G12.P2.P3O4R6.brain,ATGACTCG,GATATCGA,G12,P2,P3O4R6,brain,NOC,28,12,2,12,F,6/18/19,5/27/19,6/25/19,10.2,11.6,1.008600172,69,72,0.017,1.097931436,0.04057522,64.11222731,53.66425397,34.31766227,32.90265447,36.3,-0.406379329,31.03452448,7.649782036,5.612114914,10.25852536,-3.163235354
358,H12.P2.G2G3O5.brain,ATGACTCG,AGCGCTAG,H12,P2,G2G3O5,brain,SOC,28,28,2,12,M,4/2/19,,,7.5,NA,0.875061263,67,NA,NA,NA,NA,NA,NA,NA,NA,42.4,NA,NA,NA,NA,NA,3.187160324
359,H12.P2.G2G3O5.brain,ATGACTCG,AGCGCTAG,H12,P2,G2G3O5,brain,SOC,28,12,2,12,M,6/17/19,,6/24/19,9,10.3,0.954242509,69,70,0.009,NA,NA,23.01519739,42.11232579,27.69671893,36.12674193,36.15,NA,-6.673807707,-1.156997822,0.939963296,15.55154195,-3.201948386
360,A1.P3.R1R2R4.brain,TACTGAGC,AACCGCGG,A1,P3,R1R2R4,brain,NOC,28,12,2,12,F,6/17/19,5/27/19,6/24/19,9.6,10.4,0.982271233,65,72,0.019,0.535485816,-0.271252028,38.23355071,57.60437242,35.22015794,45.39867558,36.4,-0.706492003,8.283876556,14.12388355,8.31349525,24.66432721,-3.00759187
361,B1.P3.P1O3R4.brain,TACTGAGC,GGTTATAA,B1,P3,P1O3R4,brain,NOC,28,12,1,28,M,3/25/19,,,12.9,NA,1.11058971,92,NA,NA,NA,NA,NA,NA,NA,NA,35.2,NA,NA,NA,NA,NA,-4.513631031
362,B1.P3.P1O3R4.brain,TACTGAGC,GGTTATAA,B1,P3,P1O3R4,brain,NOC,28,28,1,28,M,6/19/19,5/30/19,6/26/19,13.5,15.9,1.130333768,80,87,0.019,5.324838761,0.726306462,41.26871652,90.38115627,46.7821851,24.82332375,42.28,0.225188806,-3.017755732,35.28657835,11.63063436,-4.664186343,2.510725485
363,C1.P3.R1O2R5.brain,TACTGAGC,CCAAGTCC,C1,P3,R1O2R5,brain,OCE,32,12,1,28,M,4/9/19,,,8.8,NA,0.944482672,81,NA,NA,NA,NA,NA,NA,NA,NA,35.1,NA,NA,NA,NA,NA,-4.233400558
364,C1.P3.R1O2R5.brain,TACTGAGC,CCAAGTCC,C1,P3,R1O2R5,brain,OCE,32,28,1,28,M,6/19/19,5/30/19,6/26/19,10.4,13.6,1.017033339,72,79,0.012,2.498170872,0.39762214,25.92502369,41.85769793,23.98144704,10.4527518,42.32,-0.05308459,-12.36606027,-8.380079114,-7.722241425,-15.37434521,2.838216819
365,D1.P3.O1R2O4.brain,TACTGAGC,TTGGACTT,D1,P3,O1R2O4,brain,NOC,28,12,1,28,F,4/3/19,,,10.8,NA,1.033423755,85,NA,NA,NA,NA,NA,NA,NA,NA,36.4,NA,NA,NA,NA,NA,-3.118878837
366,D1.P3.O1R2O4.brain,TACTGAGC,TTGGACTT,D1,P3,O1R2O4,brain,NOC,28,28,1,28,F,6/20/19,6/4/19,6/27/19,13,13.5,1.113943352,75,82,0.013,4.161598356,0.619260163,32.29614255,22.76193825,34.33781744,22.14216128,42.22,0.125435119,-5.73427235,-27.26467354,2.78403603,-3.525787336,2.497095055
367,E1.P3.R1P4R5.brain,TACTGAGC,CAGTGGAT,E1,P3,R1P4R5,brain,SOC,28,28,2,12,M,3/28/19,3/22/19,,14.1,NA,1.149219113,80,NA,NA,4.855151561,0.686202792,NA,NA,NA,NA,43,0.176682452,NA,NA,NA,NA,3.175082001
368,E1.P3.R1P4R5.brain,TACTGAGC,CAGTGGAT,E1,P3,R1P4R5,brain,SOC,28,12,2,12,M,5/30/19,,6/7/19,6.2,6.5,0.792391689,88,82,0.034,NA,NA,NA,42.13524821,41.13800563,25.19911552,37.41,NA,NA,6.890204307,20.0777181,10.67155455,-1.682278794
369,F1.P3.G4R5R6.brain,TACTGAGC,TGACAAGC,F1,P3,G4R5R6,brain,NOC,28,28,2,12,F,4/15/19,4/8/19,,10.7,NA,1.029383778,74,NA,NA,5.984734296,0.777044874,NA,NA,NA,NA,NA,0.320843045,NA,NA,NA,NA,NA
370,F1.P3.G4R5R6.brain,TACTGAGC,TGACAAGC,F1,P3,G4R5R6,brain,NOC,28,12,2,12,F,6/17/19,,6/24/19,11.5,13.2,1.06069784,73,77,0.011,NA,NA,NA,35.79116807,28.73692366,20.47694576,36.95,NA,NA,-13.60194795,-2.367136583,-4.713557671,-2.633796235
371,G1.P3.G2P3R6.brain,TACTGAGC,CTAGCTTG,G1,P3,G2P3R6,brain,OCE,32,28,1,28,M,6/20/19,6/4/19,6/27/19,14,14.4,1.146128036,75,80,0.015,4.547922472,0.657813053,NA,45.17569267,10.85929733,22.75195844,42.59,0.14966803,NA,-6.751406418,-22.04364758,-4.34832573,2.774355915
372,H1.P3.O2R4G5.brain,TACTGAGC,TCGATCCA,H1,P3,O2R4G5,brain,NOC,28,28,2,12,M,4/2/19,,,7,NA,0.84509804,65,NA,NA,NA,NA,NA,NA,NA,NA,42.2,NA,NA,NA,NA,NA,3.033529894
373,H1.P3.O2R4G5.brain,TACTGAGC,TCGATCCA,H1,P3,O2R4G5,brain,NOC,28,12,2,12,M,6/17/19,5/27/19,6/24/19,6,6.2,0.77815125,64,67,0.008,0.531819815,-0.274235485,NA,19.66228514,17.15926625,22.82937988,36.65,-0.618656057,NA,-14.949263,-3.451300109,8.779264092,-2.423730966
374,A2.P3.R1P2R5.brain,TACTGAGC,CCTGAACT,A2,P3,R1P2R5,brain,OCE,32,28,1,28,M,6/19/19,5/30/19,6/26/19,11.6,11.3,1.064457989,74,75,0.017,3.838932918,0.584210523,41.46478765,68.99846128,43.20054725,29.67394833,42.11,0.112403074,9.169091989,23.61748511,14.94472106,7.507264402,2.516929851
375,B2.P3.O1G3P6.brain,TACTGAGC,TTCAGGTC,B2,P3,O1G3P6,brain,OCE,32,12,1,28,M,3/27/19,,,10,NA,1,73,NA,NA,NA,NA,NA,NA,NA,NA,36.2,NA,NA,NA,NA,NA,-3.244687526
376,B2.P3.O1G3P6.brain,TACTGAGC,TTCAGGTC,B2,P3,O1G3P6,brain,OCE,32,28,1,28,M,6/21/19,6/5/19,6/28/19,11.3,12.6,1.053078443,75,75,0.013,5.066764705,0.704730737,46.08402918,44.5908687,37.42671858,29.74082093,42.44,0.237986406,10.39963579,-3.535255789,7.22210067,5.505207868,2.874751593
377,C2.P3.O4G5G6.brain,TACTGAGC,AGTAGAGA,C2,P3,O4G5G6,brain,OCE,32,12,1,28,F,4/9/19,,,15.3,NA,1.184691431,93,NA,NA,NA,NA,NA,NA,NA,NA,36.1,NA,NA,NA,NA,NA,-3.836204967
378,C2.P3.O4G5G6.brain,TACTGAGC,AGTAGAGA,C2,P3,O4G5G6,brain,OCE,32,28,1,28,F,6/19/19,5/30/19,6/26/19,12.7,14,1.103803721,80,84,0.011,2.861372849,0.456574452,27.23261531,52.96615458,23.53114905,9.988462216,41.83,-0.032739151,-12.10114487,1.883716514,-8.772167637,-16.47522837,2.134916797
379,D2.P3.O1P2O4.brain,TACTGAGC,GACGAGAG,D2,P3,O1P2O4,brain,NOC,28,12,2,12,M,6/17/19,5/27/19,6/24/19,7.1,8,0.851258349,62,69,0.01,1.164041879,0.065968605,17.69305632,34.73707085,23.11156731,27.80984144,36.46,-0.310979616,-6.000560482,-3.675451886,-0.197326048,10.89505454,-2.71574402
380,E2.P3.P1R3R5.brain,TACTGAGC,AGACTTGG,E2,P3,P1R3R5,brain,OCE,32,12,1,28,F,4/9/19,4/2/19,,13.2,NA,1.120573931,90,NA,NA,0.959753145,-0.017840456,NA,NA,NA,NA,36.3,-0.514615653,NA,NA,NA,NA,-3.441452773
381,E2.P3.P1R3R5.brain,TACTGAGC,AGACTTGG,E2,P3,P1R3R5,brain,OCE,32,28,1,28,F,6/20/19,6/4/19,6/27/19,12,12.1,1.079181246,75,78,0.014,6.786195631,0.831626375,NA,63.30751832,37.88975518,24.63707615,42.52,0.353268086,NA,16.23722011,8.434672547,1.197205063,2.889834195
382,F2.P3.O1G2R5.brain,TACTGAGC,GAGTCCAA,F2,P3,O1G2R5,brain,OCE,32,28,2,12,F,3/28/19,3/22/19,,12.4,NA,1.093421685,73,NA,NA,4.754867033,0.677138377,NA,NA,NA,NA,42.6,0.192444068,NA,NA,NA,NA,2.932738539
383,F2.P3.O1G2R5.brain,TACTGAGC,GAGTCCAA,F2,P3,O1G2R5,brain,OCE,32,12,2,12,F,6/18/19,5/27/19,6/25/19,13.5,14.9,1.130333768,72,81,0.016,1.13213797,0.053899356,57.69950772,53.26638074,31.93568117,33.29290991,37.22,-0.4472183,16.01972603,0.283455374,-1.716799017,5.396883766,-2.549274515
384,G2.P3.R1G2P4.brain,TACTGAGC,CTTAAGCC,G2,P3,R1G2P4,brain,NOC,28,12,1,28,F,3/28/19,3/21/19,,9.2,NA,0.963787827,80,NA,NA,2.059430695,0.313747181,NA,NA,NA,NA,35.9,-0.113268945,NA,NA,NA,NA,-3.470496214
385,G2.P3.R1G2P4.brain,TACTGAGC,CTTAAGCC,G2,P3,R1G2P4,brain,NOC,28,28,1,28,F,6/19/19,5/30/19,6/26/19,10.5,9.7,1.021189299,68,70,0.012,4.05496584,0.6079872,16.34162483,45.30001888,32.80001933,19.38482602,42.28,0.155431353,-11.78336593,3.297686801,6.942706029,-0.23548359,2.788942905
386,H2.P3.R1G3R5.brain,TACTGAGC,TCCGGATT,H2,P3,R1G3R5,brain,SOC,28,12,1,28,M,4/3/19,3/21/19,,8.3,NA,0.919078092,78,NA,NA,1.468820133,0.166968617,NA,NA,NA,NA,35,-0.240154742,NA,NA,NA,NA,-4.287030988
387,H2.P3.R1G3R5.brain,TACTGAGC,TCCGGATT,H2,P3,R1G3R5,brain,SOC,28,28,1,28,M,6/19/19,,6/26/19,11.2,12.2,1.049218023,72,79,0.013,NA,NA,37.712644,50.63701338,40.56535257,23.87824103,42.42,NA,3.070926832,3.355549913,10.96036288,0.279221548,2.864025507
388,A3.P3.O3O4G6.brain,TACTGAGC,CTGTATTA,A3,P3,O3O4G6,brain,OCE,32,28,2,12,M,4/2/19,3/27/19,,15.7,NA,1.195899652,79,NA,NA,3.526032113,0.547286263,NA,NA,NA,NA,42.2,0.016996282,NA,NA,NA,NA,2.226699377
389,A3.P3.O3O4G6.brain,TACTGAGC,CTGTATTA,A3,P3,O3O4G6,brain,OCE,32,12,2,12,M,6/17/19,5/27/19,6/24/19,15.9,17.2,1.201397124,73,83,0.023,2.014759211,0.30422315,32.89584875,48.74238219,39.13793714,46.84318594,37.02,-0.228512829,-14.77932123,-9.097344053,2.037594677,15.28674671,-2.971848451
390,B3.P3.P2G4P5.brain,TACTGAGC,TCACGCCG,B3,P3,P2G4P5,brain,NOC,28,12,1,28,M,4/3/19,,,6.5,NA,0.812913357,71,NA,NA,NA,NA,NA,NA,NA,NA,36,NA,NA,NA,NA,NA,-3.120100536
391,B3.P3.P2G4P5.brain,TACTGAGC,TCACGCCG,B3,P3,P2G4P5,brain,NOC,28,28,1,28,M,6/21/19,6/5/19,6/28/19,8.3,9.9,0.919078092,62,70,0.01,3.377597127,0.528607847,24.22986804,40.41900833,18.20914163,8.507436753,42.5,0.121484488,-4.416460832,-2.00565426,-7.947985782,-11.43116965,3.212969012
392,C3.P3.O2O3G5.brain,TACTGAGC,ACTTACAT,C3,P3,O2O3G5,brain,NOC,28,28,2,12,F,3/26/19,,,6.6,NA,0.819543936,64,NA,NA,NA,NA,NA,NA,NA,NA,42.3,NA,NA,NA,NA,NA,3.17062555
393,C3.P3.O2O3G5.brain,TACTGAGC,ACTTACAT,C3,P3,O2O3G5,brain,NOC,28,12,2,12,F,5/30/19,5/23/19,6/7/19,7.5,7.6,0.875061263,66,62,NA,1.042833114,0.018214813,11.09389209,32.67388021,17.57600901,NA,37.94,-0.369324073,-11.55704849,-4.893981504,-5.133256126,NA,-1.272839676
394,D3.P3.R1O2O5.brain,TACTGAGC,GTCCGTGC,D3,P3,R1O2O5,brain,NOC,28,12,1,28,F,3/27/19,,,6.1,NA,0.785329835,63,NA,NA,NA,NA,NA,NA,NA,NA,35.8,NA,NA,NA,NA,NA,-3.28300488
395,D3.P3.R1O2O5.brain,TACTGAGC,GTCCGTGC,D3,P3,R1O2O5,brain,NOC,28,28,1,28,F,6/20/19,6/4/19,6/27/19,8.1,8.7,0.908485019,70,69,0.008,1.846788753,0.266417221,22.98948566,33.28371142,11.61643373,5.348967167,42.73,-0.135992946,-2.528814536,-6.606968104,-12.74180902,-12.67985849,3.46151684
396,E3.P3.P1G4O5.brain,TACTGAGC,AAGGTACC,E3,P3,P1G4O5,brain,SOC,28,12,1,28,M,3/27/19,,,11.7,NA,1.068185862,72,NA,NA,NA,NA,NA,NA,NA,NA,35.6,NA,NA,NA,NA,NA,-4.002344063
397,E3.P3.P1G4O5.brain,TACTGAGC,AAGGTACC,E3,P3,P1G4O5,brain,SOC,28,28,1,28,M,6/19/19,5/30/19,6/26/19,11.4,12.7,1.056904851,74,79,0.013,3.068604679,0.486940943,31.59791537,48.35007476,29.33576979,11.44425871,42.77,0.018494123,-4.347147079,0.012785015,-1.018755176,-12.95050275,3.195477679
398,F3.P3.P1R4P5.brain,TACTGAGC,GGAACGTT,F3,P3,P1R4P5,brain,SOC,28,28,2,12,F,3/26/19,3/20/19,,11,NA,1.041392685,77,NA,NA,3.228926371,0.509058142,NA,NA,NA,NA,41.8,0.047513172,NA,NA,NA,NA,2.262573335
399,F3.P3.P1R4P5.brain,TACTGAGC,GGAACGTT,F3,P3,P1R4P5,brain,SOC,28,12,2,12,F,6/17/19,5/27/19,6/24/19,11.5,13.5,1.06069784,76,81,0.018,1.91962467,0.283216323,11.28769973,39.8845887,30.43793111,36.70784407,36.37,-0.186918118,-26.74271517,-10.14202309,-1.1158503,11.03989545,-3.213796235
400,G3.P3.O3G5R6.brain,TACTGAGC,AATTCTGC,G3,P3,O3G5R6,brain,SOC,28,12,1,28,F,4/9/19,4/2/19,,10,NA,1,81,NA,NA,3.574111298,0.553168072,NA,NA,NA,NA,36.6,0.11004001,NA,NA,NA,NA,-2.844687526
401,G3.P3.O3G5R6.brain,TACTGAGC,AATTCTGC,G3,P3,O3G5R6,brain,SOC,28,28,1,28,F,6/20/19,6/4/19,6/27/19,12.2,13.4,1.086359831,72,82,0.012,3.211196707,0.50666691,31.74627003,83.08785268,22.30045954,11.9934885,42.79,0.025114642,-6.023475814,33.27240615,-9.103414814,-13.51531172,3.141286367
402,H3.P3.R1O2P5.brain,TACTGAGC,GGCCTCAT,H3,P3,R1O2P5,brain,SOC,28,28,2,12,M,4/2/19,,,5.8,NA,0.763427994,59,NA,NA,NA,NA,NA,NA,NA,NA,42.3,NA,NA,NA,NA,NA,3.244816862
403,H3.P3.R1O2P5.brain,TACTGAGC,GGCCTCAT,H3,P3,R1O2P5,brain,SOC,28,12,2,12,M,5/30/19,5/23/19,6/7/19,6.1,6.1,0.785329835,61,61,0.019,1.001244896,0.000540315,21.57938912,42.32233098,23.26825515,14.47020963,37.84,-0.347074235,2.838484389,7.921948099,2.807595846,0.579242236,-1.24300488
404,A4.P3.R1P2R3.brain,TACTGAGC,ATCTTAGT,A4,P3,R1P2R3,brain,OCE,32,28,2,12,M,4/2/19,,,7.6,NA,0.880813592,67,NA,NA,NA,NA,NA,NA,NA,NA,42.9,NA,NA,NA,NA,NA,3.67788641
405,A4.P3.R1P2R3.brain,TACTGAGC,ATCTTAGT,A4,P3,R1P2R3,brain,OCE,32,12,2,12,M,6/17/19,5/27/19,6/24/19,8.5,9.2,0.929418926,66,71,0.01,1.020511407,0.008817864,NA,35.8057987,23.64707501,25.87876936,35.99,-0.402906457,NA,-5.140707102,-1.460703014,7.054201725,-3.315578816
406,B4.P3.G1R2R6.brain,TACTGAGC,GCTCCGAC,B4,P3,G1R2R6,brain,SOC,28,12,1,28,M,3/25/19,,,7.1,NA,0.851258349,77,NA,NA,NA,NA,NA,NA,NA,NA,35.2,NA,NA,NA,NA,NA,-3.97574402
407,B4.P3.G1R2R6.brain,TACTGAGC,GCTCCGAC,B4,P3,G1R2R6,brain,SOC,28,28,1,28,M,6/21/19,6/5/19,6/28/19,8.4,9.2,0.924279286,70,75,0.011,4.446023516,0.647971755,35.65513314,44.14254648,22.61562594,20.4485671,42.51,0.238534222,8.833487662,3.196040678,-2.492152084,1.623999465,3.213695098
408,C4.P3.P2O4G5.brain,TACTGAGC,ATACCAAG,C4,P3,P2O4G5,brain,SOC,28,12,1,28,F,3/28/19,3/21/19,,7.5,NA,0.875061263,75,NA,NA,2.922063512,0.465689651,NA,NA,NA,NA,36,0.078150765,NA,NA,NA,NA,-3.212839676
409,C4.P3.P2O4G5.brain,TACTGAGC,ATACCAAG,C4,P3,P2O4G5,brain,SOC,28,28,1,28,F,6/21/19,6/5/19,6/28/19,9.6,10.8,0.982271233,71,71,0.009,4.074517678,0.610076206,25.13403136,46.21561771,22.78629037,12.89584516,42.57,0.174836231,-5.858319019,1.89046782,-4.720000542,-8.475096794,3.16240813
410,D4.P3.O1G2O6.brain,TACTGAGC,GCGTTGGA,D4,P3,O1G2O6,brain,OCE,32,28,2,12,M,4/2/19,3/27/19,,8.5,NA,0.929418926,67,NA,NA,2.426358914,0.384955043,NA,NA,NA,NA,42.8,-0.026769278,NA,NA,NA,NA,3.494421184
411,D4.P3.O1G2O6.brain,TACTGAGC,GCGTTGGA,D4,P3,O1G2O6,brain,OCE,32,12,2,12,M,5/30/19,5/23/19,6/7/19,6.5,9.5,0.812913357,68,68,0.057,2.173303596,0.337120399,49.08410592,89.06390106,62.87840514,26.77047331,37.3,-0.022766928,21.48045327,47.48389949,37.32090595,7.46846049,-1.820100536
412,E4.P3.P2R4G5.brain,TACTGAGC,CTTCACGG,E4,P3,P2R4G5,brain,OCE,32,12,1,28,F,4/9/19,4/2/19,,10.6,NA,1.025305865,82,NA,NA,3.123603701,0.494655929,NA,NA,NA,NA,35.5,0.040268492,NA,NA,NA,NA,-4.000331009
413,E4.P3.P2R4G5.brain,TACTGAGC,CTTCACGG,E4,P3,P2R4G5,brain,OCE,32,28,1,28,F,6/20/19,6/4/19,6/27/19,11,11.8,1.041392685,72,78,0.013,4.176369543,0.62079892,32.67528473,40.86334983,33.99211324,26.64345124,42.4,0.15925395,-0.923756212,-5.573452615,4.986751773,3.681025337,2.862573335
414,F4.P3.P3O5R6.heart,TACTGAGC,TCCTGTAA,F4,P3,P3O5R6,heart,OCE,32,12,2,12,M,5/30/19,,6/7/19,8.2,8.4,0.913813852,66,66,0.015,NA,NA,26.00922165,49.38331042,29.8106465,18.41648007,35.19,NA,1.272928623,10.12612666,5.90212492,0.865099594,-4.087757074